line_id,direction,basis,anchor1_bar,anchor1_time,anchor1_price,anchor2_bar,anchor2_time,anchor2_price,created_bar,created_at,slope_per_minute,tolerance_price,touch_count,touch_bars,touch_confirmed_bars,status,broken_bar,broken_at,end_bar,end_time,displayed
up-13-18,up,close,13,2023-05-19T09:28:00,336.2,18,2023-05-19T09:33:00,351.65,20,2023-05-19T09:35:00,3.0899999999999976,1.681,2,"[13, 18]","[15, 20]",broken,72,2023-05-19T10:27:00,72,2023-05-19T10:27:00,False
up-18-32,up,close,18,2023-05-19T09:33:00,351.65,32,2023-05-19T09:47:00,401.3,34,2023-05-19T09:49:00,3.546428571428574,1.7582499999999999,2,"[18, 32]","[20, 34]",broken,63,2023-05-19T10:18:00,63,2023-05-19T10:18:00,False
up-32-43,up,close,32,2023-05-19T09:47:00,401.3,43,2023-05-19T09:58:00,490.85,45,2023-05-19T10:00:00,8.140909090909092,2.0065,2,"[32, 43]","[34, 45]",broken,46,2023-05-19T10:01:00,46,2023-05-19T10:01:00,False
up-32-57,up,close,32,2023-05-19T09:47:00,401.3,57,2023-05-19T10:12:00,505.1,59,2023-05-19T10:14:00,4.152,2.0065,2,"[32, 57]","[34, 59]",broken,61,2023-05-19T10:16:00,61,2023-05-19T10:16:00,False
up-43-57,up,close,43,2023-05-19T09:58:00,490.85,57,2023-05-19T10:12:00,505.1,59,2023-05-19T10:14:00,1.0178571428571428,2.45425,2,"[43, 57]","[45, 59]",broken,63,2023-05-19T10:18:00,63,2023-05-19T10:18:00,False
up-13-63,up,close,13,2023-05-19T09:28:00,336.2,63,2023-05-19T10:18:00,494.7,65,2023-05-19T10:20:00,3.17,1.681,3,"[13, 18, 63]","[15, 20, 65]",broken,72,2023-05-19T10:27:00,72,2023-05-19T10:27:00,False
up-18-63,up,close,18,2023-05-19T09:33:00,351.65,63,2023-05-19T10:18:00,494.7,65,2023-05-19T10:20:00,3.1788888888888893,1.7582499999999999,2,"[18, 63]","[20, 65]",broken,72,2023-05-19T10:27:00,72,2023-05-19T10:27:00,False
up-32-63,up,close,32,2023-05-19T09:47:00,401.3,63,2023-05-19T10:18:00,494.7,65,2023-05-19T10:20:00,3.012903225806451,2.0065,2,"[32, 63]","[34, 65]",broken,72,2023-05-19T10:27:00,72,2023-05-19T10:27:00,False
up-43-63,up,close,43,2023-05-19T09:58:00,490.85,63,2023-05-19T10:18:00,494.7,65,2023-05-19T10:20:00,0.19249999999999828,2.45425,2,"[43, 63]","[45, 65]",broken,75,2023-05-19T10:30:00,75,2023-05-19T10:30:00,False
up-63-67,up,close,63,2023-05-19T10:18:00,494.7,67,2023-05-19T10:22:00,522.0,69,2023-05-19T10:24:00,6.825000000000003,2.4735,2,"[63, 67]","[65, 69]",broken,70,2023-05-19T10:25:00,70,2023-05-19T10:25:00,False
up-13-78,up,close,13,2023-05-19T09:28:00,336.2,78,2023-05-19T10:33:00,486.2,80,2023-05-19T10:35:00,2.3076923076923075,1.681,3,"[13, 78, 91]","[15, 80, 93]",broken,94,2023-05-19T10:49:00,94,2023-05-19T10:49:00,False
up-18-78,up,close,18,2023-05-19T09:33:00,351.65,78,2023-05-19T10:33:00,486.2,80,2023-05-19T10:35:00,2.2425,1.7582499999999999,3,"[18, 78, 91]","[20, 80, 93]",broken,94,2023-05-19T10:49:00,94,2023-05-19T10:49:00,False
up-32-78,up,close,32,2023-05-19T09:47:00,401.3,78,2023-05-19T10:33:00,486.2,80,2023-05-19T10:35:00,1.845652173913043,2.0065,2,"[32, 78]","[34, 80]",broken,96,2023-05-19T10:51:00,96,2023-05-19T10:51:00,False
up-13-91,up,close,13,2023-05-19T09:28:00,336.2,91,2023-05-19T10:46:00,515.55,93,2023-05-19T10:48:00,2.2993589743589737,1.681,3,"[13, 78, 91]","[15, 80, 93]",broken,94,2023-05-19T10:49:00,94,2023-05-19T10:49:00,True
up-18-91,up,close,18,2023-05-19T09:33:00,351.65,91,2023-05-19T10:46:00,515.55,93,2023-05-19T10:48:00,2.2452054794520544,1.7582499999999999,3,"[18, 78, 91]","[20, 80, 93]",broken,94,2023-05-19T10:49:00,94,2023-05-19T10:49:00,False
up-78-91,up,close,78,2023-05-19T10:33:00,486.2,91,2023-05-19T10:46:00,515.55,93,2023-05-19T10:48:00,2.257692307692305,2.431,2,"[78, 91]","[80, 93]",broken,94,2023-05-19T10:49:00,94,2023-05-19T10:49:00,False
up-13-98,up,close,13,2023-05-19T09:28:00,336.2,98,2023-05-19T10:53:00,506.5,100,2023-05-19T10:55:00,2.0035294117647062,1.681,2,"[13, 98]","[15, 100]",broken,103,2023-05-19T10:58:00,103,2023-05-19T10:58:00,False
up-18-98,up,close,18,2023-05-19T09:33:00,351.65,98,2023-05-19T10:53:00,506.5,100,2023-05-19T10:55:00,1.9356250000000004,1.7582499999999999,2,"[18, 98]","[20, 100]",broken,103,2023-05-19T10:58:00,103,2023-05-19T10:58:00,False
up-32-98,up,close,32,2023-05-19T09:47:00,401.3,98,2023-05-19T10:53:00,506.5,100,2023-05-19T10:55:00,1.5939393939393938,2.0065,2,"[32, 98]","[34, 100]",broken,103,2023-05-19T10:58:00,103,2023-05-19T10:58:00,False
up-78-98,up,close,78,2023-05-19T10:33:00,486.2,98,2023-05-19T10:53:00,506.5,100,2023-05-19T10:55:00,1.0150000000000006,2.431,2,"[78, 98]","[80, 100]",broken,104,2023-05-19T10:59:00,104,2023-05-19T10:59:00,False
up-13-107,up,close,13,2023-05-19T09:28:00,336.2,107,2023-05-19T11:02:00,495.3,109,2023-05-19T11:04:00,1.692553191489362,1.681,2,"[13, 107]","[15, 109]",broken,111,2023-05-19T11:06:00,111,2023-05-19T11:06:00,False
up-18-107,up,close,18,2023-05-19T09:33:00,351.65,107,2023-05-19T11:02:00,495.3,109,2023-05-19T11:04:00,1.6140449438202251,1.7582499999999999,2,"[18, 107]","[20, 109]",broken,111,2023-05-19T11:06:00,111,2023-05-19T11:06:00,False
up-32-107,up,close,32,2023-05-19T09:47:00,401.3,107,2023-05-19T11:02:00,495.3,109,2023-05-19T11:04:00,1.2533333333333334,2.0065,3,"[32, 107, 111]","[34, 109, 113]",broken,118,2023-05-19T11:13:00,118,2023-05-19T11:13:00,False
up-78-107,up,close,78,2023-05-19T10:33:00,486.2,107,2023-05-19T11:02:00,495.3,109,2023-05-19T11:04:00,0.31379310344827666,2.431,3,"[78, 107, 111]","[80, 109, 113]",broken,119,2023-05-19T11:14:00,119,2023-05-19T11:14:00,False
up-13-111,up,close,13,2023-05-19T09:28:00,336.2,111,2023-05-19T11:06:00,498.4,113,2023-05-19T11:08:00,1.6551020408163264,1.681,2,"[13, 111]","[15, 113]",broken,116,2023-05-19T11:11:00,116,2023-05-19T11:11:00,False
up-18-111,up,close,18,2023-05-19T09:33:00,351.65,111,2023-05-19T11:06:00,498.4,113,2023-05-19T11:08:00,1.5779569892473118,1.7582499999999999,2,"[18, 111]","[20, 113]",broken,118,2023-05-19T11:13:00,118,2023-05-19T11:13:00,False
up-32-111,up,close,32,2023-05-19T09:47:00,401.3,111,2023-05-19T11:06:00,498.4,113,2023-05-19T11:08:00,1.2291139240506326,2.0065,3,"[32, 107, 111]","[34, 109, 113]",broken,118,2023-05-19T11:13:00,118,2023-05-19T11:13:00,True
up-78-111,up,close,78,2023-05-19T10:33:00,486.2,111,2023-05-19T11:06:00,498.4,113,2023-05-19T11:08:00,0.36969696969696936,2.431,3,"[78, 107, 111]","[80, 109, 113]",broken,119,2023-05-19T11:14:00,119,2023-05-19T11:14:00,False
up-107-111,up,close,107,2023-05-19T11:02:00,495.3,111,2023-05-19T11:06:00,498.4,113,2023-05-19T11:08:00,0.7749999999999915,2.4765,2,"[107, 111]","[109, 113]",broken,118,2023-05-19T11:13:00,118,2023-05-19T11:13:00,False
up-13-125,up,close,13,2023-05-19T09:28:00,336.2,125,2023-05-19T11:20:00,435.55,127,2023-05-19T11:22:00,0.8870535714285717,1.681,2,"[13, 125]","[15, 127]",broken,161,2023-05-19T11:56:00,161,2023-05-19T11:56:00,False
up-18-125,up,close,18,2023-05-19T09:33:00,351.65,125,2023-05-19T11:20:00,435.55,127,2023-05-19T11:22:00,0.7841121495327106,1.7582499999999999,2,"[18, 125]","[20, 127]",broken,161,2023-05-19T11:56:00,161,2023-05-19T11:56:00,False
up-32-125,up,close,32,2023-05-19T09:47:00,401.3,125,2023-05-19T11:20:00,435.55,127,2023-05-19T11:22:00,0.3682795698924731,2.0065,2,"[32, 125]","[34, 127]",broken,165,2023-05-19T12:00:00,165,2023-05-19T12:00:00,False
up-125-129,up,close,125,2023-05-19T11:20:00,435.55,129,2023-05-19T11:24:00,448.2,131,2023-05-19T11:26:00,3.1624999999999943,2.17775,2,"[125, 129]","[127, 131]",broken,146,2023-05-19T11:41:00,146,2023-05-19T11:41:00,False
up-125-147,up,close,125,2023-05-19T11:20:00,435.55,147,2023-05-19T11:42:00,488.15,149,2023-05-19T11:44:00,2.3909090909090893,2.17775,2,"[125, 147]","[127, 149]",broken,150,2023-05-19T11:45:00,150,2023-05-19T11:45:00,False
up-129-147,up,close,129,2023-05-19T11:24:00,448.2,147,2023-05-19T11:42:00,488.15,149,2023-05-19T11:44:00,2.2194444444444437,2.241,2,"[129, 147]","[131, 149]",broken,150,2023-05-19T11:45:00,150,2023-05-19T11:45:00,False
up-125-153,up,close,125,2023-05-19T11:20:00,435.55,153,2023-05-19T11:48:00,462.8,155,2023-05-19T11:50:00,0.9732142857142857,2.17775,2,"[125, 153]","[127, 155]",broken,159,2023-05-19T11:54:00,159,2023-05-19T11:54:00,False
up-129-153,up,close,129,2023-05-19T11:24:00,448.2,153,2023-05-19T11:48:00,462.8,155,2023-05-19T11:50:00,0.6083333333333343,2.241,2,"[129, 153]","[131, 155]",broken,161,2023-05-19T11:56:00,161,2023-05-19T11:56:00,False
up-153-156,up,close,153,2023-05-19T11:48:00,462.8,156,2023-05-19T11:51:00,470.0,158,2023-05-19T11:53:00,2.3999999999999964,2.314,2,"[153, 156]","[155, 158]",broken,159,2023-05-19T11:54:00,159,2023-05-19T11:54:00,False
up-13-161,up,close,13,2023-05-19T09:28:00,336.2,161,2023-05-19T11:56:00,455.7,163,2023-05-19T11:58:00,0.8074324324324325,1.681,2,"[13, 161]","[15, 163]",broken,164,2023-05-19T11:59:00,164,2023-05-19T11:59:00,False
up-18-161,up,close,18,2023-05-19T09:33:00,351.65,161,2023-05-19T11:56:00,455.7,163,2023-05-19T11:58:00,0.7276223776223777,1.7582499999999999,2,"[18, 161]","[20, 163]",broken,164,2023-05-19T11:59:00,164,2023-05-19T11:59:00,False
up-125-161,up,close,125,2023-05-19T11:20:00,435.55,161,2023-05-19T11:56:00,455.7,163,2023-05-19T11:58:00,0.5597222222222216,2.17775,2,"[125, 161]","[127, 163]",broken,164,2023-05-19T11:59:00,164,2023-05-19T11:59:00,False
up-129-161,up,close,129,2023-05-19T11:24:00,448.2,161,2023-05-19T11:56:00,455.7,163,2023-05-19T11:58:00,0.234375,2.241,2,"[129, 161]","[131, 163]",broken,164,2023-05-19T11:59:00,164,2023-05-19T11:59:00,False
up-13-166,up,close,13,2023-05-19T09:28:00,336.2,166,2023-05-19T12:01:00,435.55,168,2023-05-19T12:03:00,0.6493464052287583,1.681,2,"[13, 166]","[15, 168]",broken,229,2023-05-19T13:04:00,229,2023-05-19T13:04:00,False
up-18-166,up,close,18,2023-05-19T09:33:00,351.65,166,2023-05-19T12:01:00,435.55,168,2023-05-19T12:03:00,0.5668918918918922,1.7582499999999999,2,"[18, 166]","[20, 168]",broken,229,2023-05-19T13:04:00,229,2023-05-19T13:04:00,False
up-32-166,up,close,32,2023-05-19T09:47:00,401.3,166,2023-05-19T12:01:00,435.55,168,2023-05-19T12:03:00,0.2555970149253731,2.0065,3,"[32, 166, 229]","[34, 168, 231]",broken,232,2023-05-19T13:07:00,232,2023-05-19T13:07:00,True
up-166-170,up,close,166,2023-05-19T12:01:00,435.55,170,2023-05-19T12:05:00,441.2,172,2023-05-19T12:07:00,1.4124999999999943,2.17775,2,"[166, 170]","[168, 172]",broken,186,2023-05-19T12:21:00,186,2023-05-19T12:21:00,False
up-166-186,up,close,166,2023-05-19T12:01:00,435.55,186,2023-05-19T12:21:00,451.5,188,2023-05-19T12:23:00,0.7974999999999994,2.17775,3,"[166, 186, 214]","[168, 188, 216]",broken,219,2023-05-19T12:54:00,219,2023-05-19T12:54:00,False
up-170-186,up,close,170,2023-05-19T12:05:00,441.2,186,2023-05-19T12:21:00,451.5,188,2023-05-19T12:23:00,0.6437500000000007,2.206,3,"[170, 186, 219]","[172, 188, 221]",broken,229,2023-05-19T13:04:00,229,2023-05-19T13:04:00,False
up-186-191,up,close,186,2023-05-19T12:21:00,451.5,191,2023-05-19T12:26:00,464.9,193,2023-05-19T12:28:00,2.6799999999999953,2.2575,3,"[186, 191, 195]","[188, 193, 197]",broken,207,2023-05-19T12:42:00,207,2023-05-19T12:42:00,False
up-186-195,up,close,186,2023-05-19T12:21:00,451.5,195,2023-05-19T12:30:00,474.75,197,2023-05-19T12:32:00,2.5833333333333335,2.2575,3,"[186, 191, 195]","[188, 193, 197]",broken,208,2023-05-19T12:43:00,208,2023-05-19T12:43:00,False
up-191-195,up,close,191,2023-05-19T12:26:00,464.9,195,2023-05-19T12:30:00,474.75,197,2023-05-19T12:32:00,2.4625000000000057,2.3245,2,"[191, 195]","[193, 197]",broken,208,2023-05-19T12:43:00,208,2023-05-19T12:43:00,False
up-195-202,up,close,195,2023-05-19T12:30:00,474.75,202,2023-05-19T12:37:00,502.9,204,2023-05-19T12:39:00,4.021428571428568,2.37375,2,"[195, 202]","[197, 204]",broken,207,2023-05-19T12:42:00,207,2023-05-19T12:42:00,False
up-191-207,up,close,191,2023-05-19T12:26:00,464.9,207,2023-05-19T12:42:00,504.0,209,2023-05-19T12:44:00,2.4437500000000014,2.3245,3,"[191, 195, 207]","[193, 197, 209]",broken,210,2023-05-19T12:45:00,210,2023-05-19T12:45:00,False
up-195-207,up,close,195,2023-05-19T12:30:00,474.75,207,2023-05-19T12:42:00,504.0,209,2023-05-19T12:44:00,2.4375,2.37375,2,"[195, 207]","[197, 209]",broken,210,2023-05-19T12:45:00,210,2023-05-19T12:45:00,False
up-202-207,up,close,202,2023-05-19T12:37:00,502.9,207,2023-05-19T12:42:00,504.0,209,2023-05-19T12:44:00,0.22000000000000455,2.5145,2,"[202, 207]","[204, 209]",broken,210,2023-05-19T12:45:00,210,2023-05-19T12:45:00,False
up-166-214,up,close,166,2023-05-19T12:01:00,435.55,214,2023-05-19T12:49:00,474.45,216,2023-05-19T12:51:00,0.8104166666666662,2.17775,3,"[166, 186, 214]","[168, 188, 216]",broken,219,2023-05-19T12:54:00,219,2023-05-19T12:54:00,False
up-170-214,up,close,170,2023-05-19T12:05:00,441.2,214,2023-05-19T12:49:00,474.45,216,2023-05-19T12:51:00,0.7556818181818182,2.206,3,"[170, 186, 214]","[172, 188, 216]",broken,219,2023-05-19T12:54:00,219,2023-05-19T12:54:00,False
up-186-214,up,close,186,2023-05-19T12:21:00,451.5,214,2023-05-19T12:49:00,474.45,216,2023-05-19T12:51:00,0.8196428571428568,2.2575,2,"[186, 214]","[188, 216]",broken,219,2023-05-19T12:54:00,219,2023-05-19T12:54:00,False
up-191-214,up,close,191,2023-05-19T12:26:00,464.9,214,2023-05-19T12:49:00,474.45,216,2023-05-19T12:51:00,0.4152173913043483,2.3245,3,"[191, 214, 219]","[193, 216, 221]",broken,229,2023-05-19T13:04:00,229,2023-05-19T13:04:00,False
up-166-219,up,close,166,2023-05-19T12:01:00,435.55,219,2023-05-19T12:54:00,474.35,221,2023-05-19T12:56:00,0.7320754716981134,2.17775,3,"[166, 186, 219]","[168, 188, 221]",broken,228,2023-05-19T13:03:00,228,2023-05-19T13:03:00,False
up-170-219,up,close,170,2023-05-19T12:05:00,441.2,219,2023-05-19T12:54:00,474.35,221,2023-05-19T12:56:00,0.6765306122448986,2.206,3,"[170, 186, 219]","[172, 188, 221]",broken,229,2023-05-19T13:04:00,229,2023-05-19T13:04:00,False
up-186-219,up,close,186,2023-05-19T12:21:00,451.5,219,2023-05-19T12:54:00,474.35,221,2023-05-19T12:56:00,0.6924242424242432,2.2575,2,"[186, 219]","[188, 221]",broken,229,2023-05-19T13:04:00,229,2023-05-19T13:04:00,False
up-191-219,up,close,191,2023-05-19T12:26:00,464.9,219,2023-05-19T12:54:00,474.35,221,2023-05-19T12:56:00,0.33750000000000163,2.3245,3,"[191, 214, 219]","[193, 216, 221]",broken,229,2023-05-19T13:04:00,229,2023-05-19T13:04:00,False
up-166-229,up,close,166,2023-05-19T12:01:00,435.55,229,2023-05-19T13:04:00,453.6,231,2023-05-19T13:06:00,0.2865079365079367,2.17775,2,"[166, 229]","[168, 231]",broken,232,2023-05-19T13:07:00,232,2023-05-19T13:07:00,False
up-170-229,up,close,170,2023-05-19T12:05:00,441.2,229,2023-05-19T13:04:00,453.6,231,2023-05-19T13:06:00,0.2101694915254243,2.206,2,"[170, 229]","[172, 231]",broken,232,2023-05-19T13:07:00,232,2023-05-19T13:07:00,False
up-186-229,up,close,186,2023-05-19T12:21:00,451.5,229,2023-05-19T13:04:00,453.6,231,2023-05-19T13:06:00,0.04883720930232611,2.2575,2,"[186, 229]","[188, 231]",broken,232,2023-05-19T13:07:00,232,2023-05-19T13:07:00,False
up-166-232,up,close,166,2023-05-19T12:01:00,435.55,232,2023-05-19T13:07:00,447.6,234,2023-05-19T13:09:00,0.18257575757575775,2.17775,2,"[166, 232]","[168, 234]",broken,241,2023-05-19T13:16:00,241,2023-05-19T13:16:00,False
up-170-232,up,close,170,2023-05-19T12:05:00,441.2,232,2023-05-19T13:07:00,447.6,234,2023-05-19T13:09:00,0.10322580645161346,2.206,2,"[170, 232]","[172, 234]",broken,241,2023-05-19T13:16:00,241,2023-05-19T13:16:00,False
up-166-241,up,close,166,2023-05-19T12:01:00,435.55,241,2023-05-19T13:16:00,444.15,243,2023-05-19T13:18:00,0.11466666666666621,2.17775,2,"[166, 241]","[168, 243]",broken,282,2023-05-19T13:57:00,282,2023-05-19T13:57:00,False
up-170-241,up,close,170,2023-05-19T12:05:00,441.2,241,2023-05-19T13:16:00,444.15,243,2023-05-19T13:18:00,0.04154929577464773,2.206,2,"[170, 241]","[172, 243]",broken,282,2023-05-19T13:57:00,282,2023-05-19T13:57:00,False
up-241-249,up,close,241,2023-05-19T13:16:00,444.15,249,2023-05-19T13:24:00,456.85,251,2023-05-19T13:26:00,1.5875000000000057,2.22075,2,"[241, 249]","[243, 251]",broken,269,2023-05-19T13:44:00,269,2023-05-19T13:44:00,False
up-249-253,up,close,249,2023-05-19T13:24:00,456.85,253,2023-05-19T13:28:00,468.9,255,2023-05-19T13:30:00,3.0124999999999886,2.28425,2,"[249, 253]","[251, 255]",broken,257,2023-05-19T13:32:00,257,2023-05-19T13:32:00,False
up-249-258,up,close,249,2023-05-19T13:24:00,456.85,258,2023-05-19T13:33:00,476.0,260,2023-05-19T13:35:00,2.127777777777775,2.28425,2,"[249, 258]","[251, 260]",broken,267,2023-05-19T13:42:00,267,2023-05-19T13:42:00,False
up-253-258,up,close,253,2023-05-19T13:28:00,468.9,258,2023-05-19T13:33:00,476.0,260,2023-05-19T13:35:00,1.4200000000000046,2.3445,2,"[253, 258]","[255, 260]",broken,268,2023-05-19T13:43:00,268,2023-05-19T13:43:00,False
up-241-269,up,close,241,2023-05-19T13:16:00,444.15,269,2023-05-19T13:44:00,482.2,271,2023-05-19T13:46:00,1.358928571428572,2.22075,3,"[241, 249, 269]","[243, 251, 271]",broken,277,2023-05-19T13:52:00,277,2023-05-19T13:52:00,False
up-249-269,up,close,249,2023-05-19T13:24:00,456.85,269,2023-05-19T13:44:00,482.2,271,2023-05-19T13:46:00,1.2674999999999983,2.28425,2,"[249, 269]","[251, 271]",broken,277,2023-05-19T13:52:00,277,2023-05-19T13:52:00,False
up-253-269,up,close,253,2023-05-19T13:28:00,468.9,269,2023-05-19T13:44:00,482.2,271,2023-05-19T13:46:00,0.8312500000000007,2.3445,2,"[253, 269]","[255, 271]",broken,277,2023-05-19T13:52:00,277,2023-05-19T13:52:00,False
up-258-269,up,close,258,2023-05-19T13:33:00,476.0,269,2023-05-19T13:44:00,482.2,271,2023-05-19T13:46:00,0.5636363636363626,2.38,2,"[258, 269]","[260, 271]",broken,277,2023-05-19T13:52:00,277,2023-05-19T13:52:00,False
up-241-278,up,close,241,2023-05-19T13:16:00,444.15,278,2023-05-19T13:53:00,462.1,280,2023-05-19T13:55:00,0.48513513513513634,2.22075,2,"[241, 278]","[243, 280]",broken,281,2023-05-19T13:56:00,281,2023-05-19T13:56:00,False
up-249-278,up,close,249,2023-05-19T13:24:00,456.85,278,2023-05-19T13:53:00,462.1,280,2023-05-19T13:55:00,0.1810344827586207,2.28425,2,"[249, 278]","[251, 280]",broken,281,2023-05-19T13:56:00,281,2023-05-19T13:56:00,False
up-312-318,up,close,312,2023-05-19T14:27:00,355.5,318,2023-05-19T14:33:00,364.05,320,2023-05-19T14:35:00,1.4250000000000018,1.7775,2,"[312, 318]","[314, 320]",broken,321,2023-05-19T14:36:00,321,2023-05-19T14:36:00,False
up-333-342,up,close,333,2023-05-19T14:48:00,309.25,342,2023-05-19T14:57:00,314.8,344,2023-05-19T14:59:00,0.6166666666666679,1.54625,2,"[333, 342]","[335, 344]",broken,348,2023-05-19T15:03:00,348,2023-05-19T15:03:00,False
up-365-370,up,close,365,2023-05-19T15:20:00,247.15,370,2023-05-19T15:25:00,259.0,372,2023-05-19T15:27:00,2.3699999999999988,1.2357500000000001,2,"[365, 370]","[367, 372]",broken,373,2023-05-19T15:28:00,373,2023-05-19T15:28:00,False
down-6-9,down,close,6,2023-05-19T09:21:00,378.9,9,2023-05-19T09:24:00,362.35,11,2023-05-19T09:26:00,-5.5166666666666515,1.8944999999999999,2,"[6, 9]","[8, 11]",broken,14,2023-05-19T09:29:00,14,2023-05-19T09:29:00,False
down-9-17,down,close,9,2023-05-19T09:24:00,362.35,17,2023-05-19T09:32:00,358.6,19,2023-05-19T09:34:00,-0.46875,1.8117500000000002,2,"[9, 17]","[11, 19]",broken,21,2023-05-19T09:36:00,21,2023-05-19T09:36:00,False
down-50-55,down,close,50,2023-05-19T10:05:00,570.95,55,2023-05-19T10:10:00,567.6,57,2023-05-19T10:12:00,-0.6700000000000046,2.85475,2,"[50, 55]","[52, 57]",broken,86,2023-05-19T10:41:00,86,2023-05-19T10:41:00,False
down-55-65,down,close,55,2023-05-19T10:10:00,567.6,65,2023-05-19T10:20:00,536.0,67,2023-05-19T10:22:00,-3.1600000000000024,2.838,2,"[55, 65]","[57, 67]",broken,68,2023-05-19T10:23:00,68,2023-05-19T10:23:00,False
down-50-69,down,close,50,2023-05-19T10:05:00,570.95,69,2023-05-19T10:24:00,547.8,71,2023-05-19T10:26:00,-1.2184210526315837,2.85475,3,"[50, 55, 69]","[52, 57, 71]",broken,85,2023-05-19T10:40:00,85,2023-05-19T10:40:00,False
down-55-69,down,close,55,2023-05-19T10:10:00,567.6,69,2023-05-19T10:24:00,547.8,71,2023-05-19T10:26:00,-1.4142857142857193,2.838,2,"[55, 69]","[57, 71]",broken,85,2023-05-19T10:40:00,85,2023-05-19T10:40:00,False
down-50-86,down,close,50,2023-05-19T10:05:00,570.95,86,2023-05-19T10:41:00,554.7,88,2023-05-19T10:43:00,-0.4513888888888889,2.85475,3,"[50, 55, 86]","[52, 57, 88]",broken,197,2023-05-19T12:32:00,197,2023-05-19T12:32:00,False
down-55-86,down,close,55,2023-05-19T10:10:00,567.6,86,2023-05-19T10:41:00,554.7,88,2023-05-19T10:43:00,-0.4161290322580638,2.838,2,"[55, 86]","[57, 88]",broken,199,2023-05-19T12:34:00,199,2023-05-19T12:34:00,False
down-86-101,down,close,86,2023-05-19T10:41:00,554.7,101,2023-05-19T10:56:00,523.1,103,2023-05-19T10:58:00,-2.1066666666666682,2.7735000000000003,2,"[86, 101]","[88, 103]",broken,112,2023-05-19T11:07:00,112,2023-05-19T11:07:00,False
down-86-114,down,close,86,2023-05-19T10:41:00,554.7,114,2023-05-19T11:09:00,515.05,116,2023-05-19T11:11:00,-1.4160714285714318,2.7735000000000003,2,"[86, 114]","[88, 116]",broken,133,2023-05-19T11:28:00,133,2023-05-19T11:28:00,False
down-101-114,down,close,101,2023-05-19T10:56:00,523.1,114,2023-05-19T11:09:00,515.05,116,2023-05-19T11:11:00,-0.6192307692307745,2.6155,2,"[101, 114]","[103, 116]",broken,137,2023-05-19T11:32:00,137,2023-05-19T11:32:00,False
down-114-121,down,close,114,2023-05-19T11:09:00,515.05,121,2023-05-19T11:16:00,494.45,123,2023-05-19T11:18:00,-2.942857142857138,2.5752499999999996,2,"[114, 121]","[116, 123]",broken,131,2023-05-19T11:26:00,131,2023-05-19T11:26:00,False
down-86-137,down,close,86,2023-05-19T10:41:00,554.7,137,2023-05-19T11:32:00,512.6,139,2023-05-19T11:34:00,-0.8254901960784318,2.7735000000000003,2,"[86, 137]","[88, 139]",broken,142,2023-05-19T11:37:00,142,2023-05-19T11:37:00,False
down-101-137,down,close,101,2023-05-19T10:56:00,523.1,137,2023-05-19T11:32:00,512.6,139,2023-05-19T11:34:00,-0.2916666666666667,2.6155,3,"[101, 137, 142]","[103, 139, 144]",broken,197,2023-05-19T12:32:00,197,2023-05-19T12:32:00,False
down-114-137,down,close,114,2023-05-19T11:09:00,515.05,137,2023-05-19T11:32:00,512.6,139,2023-05-19T11:34:00,-0.10652173913043182,2.5752499999999996,3,"[114, 137, 142]","[116, 139, 144]",broken,197,2023-05-19T12:32:00,197,2023-05-19T12:32:00,False
down-86-142,down,close,86,2023-05-19T10:41:00,554.7,142,2023-05-19T11:37:00,513.4,144,2023-05-19T11:39:00,-0.7375000000000013,2.7735000000000003,2,"[86, 142]","[88, 144]",broken,188,2023-05-19T12:23:00,188,2023-05-19T12:23:00,False
down-101-142,down,close,101,2023-05-19T10:56:00,523.1,142,2023-05-19T11:37:00,513.4,144,2023-05-19T11:39:00,-0.23658536585365963,2.6155,3,"[101, 137, 142]","[103, 139, 144]",broken,197,2023-05-19T12:32:00,197,2023-05-19T12:32:00,False
down-114-142,down,close,114,2023-05-19T11:09:00,515.05,142,2023-05-19T11:37:00,513.4,144,2023-05-19T11:39:00,-0.058928571428570616,2.5752499999999996,3,"[114, 137, 142]","[116, 139, 144]",broken,199,2023-05-19T12:34:00,199,2023-05-19T12:34:00,False
down-142-148,down,close,142,2023-05-19T11:37:00,513.4,148,2023-05-19T11:43:00,498.4,150,2023-05-19T11:45:00,-2.5,2.5669999999999997,2,"[142, 148]","[144, 150]",broken,155,2023-05-19T11:50:00,155,2023-05-19T11:50:00,False
down-142-155,down,close,142,2023-05-19T11:37:00,513.4,155,2023-05-19T11:50:00,484.15,157,2023-05-19T11:52:00,-2.25,2.5669999999999997,4,"[142, 148, 155, 171]","[144, 150, 157, 173]",broken,174,2023-05-19T12:09:00,174,2023-05-19T12:09:00,False
down-148-155,down,close,148,2023-05-19T11:43:00,498.4,155,2023-05-19T11:50:00,484.15,157,2023-05-19T11:52:00,-2.0357142857142856,2.492,3,"[148, 155, 171]","[150, 157, 173]",broken,174,2023-05-19T12:09:00,174,2023-05-19T12:09:00,False
down-155-168,down,close,155,2023-05-19T11:50:00,484.15,168,2023-05-19T12:03:00,448.55,170,2023-05-19T12:05:00,-2.738461538461536,2.42075,2,"[155, 168]","[157, 170]",broken,171,2023-05-19T12:06:00,171,2023-05-19T12:06:00,False
down-142-171,down,close,142,2023-05-19T11:37:00,513.4,171,2023-05-19T12:06:00,449.6,173,2023-05-19T12:08:00,-2.1999999999999984,2.5669999999999997,4,"[142, 148, 155, 171]","[144, 150, 157, 173]",broken,174,2023-05-19T12:09:00,174,2023-05-19T12:09:00,True
down-148-171,down,close,148,2023-05-19T11:43:00,498.4,171,2023-05-19T12:06:00,449.6,173,2023-05-19T12:08:00,-2.1217391304347806,2.492,3,"[148, 155, 171]","[150, 157, 173]",broken,174,2023-05-19T12:09:00,174,2023-05-19T12:09:00,False
down-155-171,down,close,155,2023-05-19T11:50:00,484.15,171,2023-05-19T12:06:00,449.6,173,2023-05-19T12:08:00,-2.159374999999997,2.42075,2,"[155, 171]","[157, 173]",broken,174,2023-05-19T12:09:00,174,2023-05-19T12:09:00,False
down-142-177,down,close,142,2023-05-19T11:37:00,513.4,177,2023-05-19T12:12:00,471.95,179,2023-05-19T12:14:00,-1.184285714285714,2.5669999999999997,2,"[142, 177]","[144, 179]",broken,181,2023-05-19T12:16:00,181,2023-05-19T12:16:00,False
down-148-177,down,close,148,2023-05-19T11:43:00,498.4,177,2023-05-19T12:12:00,471.95,179,2023-05-19T12:14:00,-0.912068965517241,2.492,2,"[148, 177]","[150, 179]",broken,181,2023-05-19T12:16:00,181,2023-05-19T12:16:00,False
down-155-177,down,close,155,2023-05-19T11:50:00,484.15,177,2023-05-19T12:12:00,471.95,179,2023-05-19T12:14:00,-0.554545454545454,2.42075,2,"[155, 177]","[157, 179]",broken,182,2023-05-19T12:17:00,182,2023-05-19T12:17:00,False
down-142-184,down,close,142,2023-05-19T11:37:00,513.4,184,2023-05-19T12:19:00,475.6,186,2023-05-19T12:21:00,-0.8999999999999989,2.5669999999999997,2,"[142, 184]","[144, 186]",broken,188,2023-05-19T12:23:00,188,2023-05-19T12:23:00,False
down-148-184,down,close,148,2023-05-19T11:43:00,498.4,184,2023-05-19T12:19:00,475.6,186,2023-05-19T12:21:00,-0.6333333333333321,2.492,2,"[148, 184]","[150, 186]",broken,188,2023-05-19T12:23:00,188,2023-05-19T12:23:00,False
down-155-184,down,close,155,2023-05-19T11:50:00,484.15,184,2023-05-19T12:19:00,475.6,186,2023-05-19T12:21:00,-0.294827586206895,2.42075,2,"[155, 184]","[157, 186]",broken,188,2023-05-19T12:23:00,188,2023-05-19T12:23:00,False
down-86-188,down,close,86,2023-05-19T10:41:00,554.7,188,2023-05-19T12:23:00,485.9,190,2023-05-19T12:25:00,-0.6745098039215693,2.7735000000000003,3,"[86, 188, 193]","[88, 190, 195]",broken,196,2023-05-19T12:31:00,196,2023-05-19T12:31:00,False
down-142-188,down,close,142,2023-05-19T11:37:00,513.4,188,2023-05-19T12:23:00,485.9,190,2023-05-19T12:25:00,-0.5978260869565217,2.5669999999999997,2,"[142, 188]","[144, 190]",broken,196,2023-05-19T12:31:00,196,2023-05-19T12:31:00,False
down-148-188,down,close,148,2023-05-19T11:43:00,498.4,188,2023-05-19T12:23:00,485.9,190,2023-05-19T12:25:00,-0.3125,2.492,2,"[148, 188]","[150, 190]",broken,197,2023-05-19T12:32:00,197,2023-05-19T12:32:00,False
down-86-193,down,close,86,2023-05-19T10:41:00,554.7,193,2023-05-19T12:28:00,480.3,195,2023-05-19T12:30:00,-0.6953271028037387,2.7735000000000003,4,"[86, 142, 188, 193]","[88, 144, 190, 195]",broken,196,2023-05-19T12:31:00,196,2023-05-19T12:31:00,True
down-142-193,down,close,142,2023-05-19T11:37:00,513.4,193,2023-05-19T12:28:00,480.3,195,2023-05-19T12:30:00,-0.6490196078431366,2.5669999999999997,3,"[142, 188, 193]","[144, 190, 195]",broken,196,2023-05-19T12:31:00,196,2023-05-19T12:31:00,False
down-188-193,down,close,188,2023-05-19T12:23:00,485.9,193,2023-05-19T12:28:00,480.3,195,2023-05-19T12:30:00,-1.1199999999999932,2.4295,2,"[188, 193]","[190, 195]",broken,196,2023-05-19T12:31:00,196,2023-05-19T12:31:00,False
down-50-200,down,close,50,2023-05-19T10:05:00,570.95,200,2023-05-19T12:35:00,521.2,202,2023-05-19T12:37:00,-0.33166666666666667,2.85475,3,"[50, 55, 200]","[52, 57, 202]",broken,205,2023-05-19T12:40:00,205,2023-05-19T12:40:00,True
down-55-200,down,close,55,2023-05-19T10:10:00,567.6,200,2023-05-19T12:35:00,521.2,202,2023-05-19T12:37:00,-0.31999999999999984,2.838,2,"[55, 200]","[57, 202]",broken,205,2023-05-19T12:40:00,205,2023-05-19T12:40:00,False
down-86-200,down,close,86,2023-05-19T10:41:00,554.7,200,2023-05-19T12:35:00,521.2,202,2023-05-19T12:37:00,-0.29385964912280704,2.7735000000000003,2,"[86, 200]","[88, 202]",broken,205,2023-05-19T12:40:00,205,2023-05-19T12:40:00,False
down-101-200,down,close,101,2023-05-19T10:56:00,523.1,200,2023-05-19T12:35:00,521.2,202,2023-05-19T12:37:00,-0.01919191919191896,2.6155,2,"[101, 200]","[103, 202]",broken,205,2023-05-19T12:40:00,205,2023-05-19T12:40:00,False
down-55-205,down,close,55,2023-05-19T10:10:00,567.6,205,2023-05-19T12:40:00,537.2,207,2023-05-19T12:42:00,-0.20266666666666652,2.838,2,"[55, 205]","[57, 207]",active,,,374,2023-05-19T15:29:00,False
down-86-205,down,close,86,2023-05-19T10:41:00,554.7,205,2023-05-19T12:40:00,537.2,207,2023-05-19T12:42:00,-0.14705882352941177,2.7735000000000003,2,"[86, 205]","[88, 207]",active,,,374,2023-05-19T15:29:00,False
down-205-211,down,close,205,2023-05-19T12:40:00,537.2,211,2023-05-19T12:46:00,509.5,213,2023-05-19T12:48:00,-4.616666666666674,2.6860000000000004,2,"[205, 211]","[207, 213]",broken,217,2023-05-19T12:52:00,217,2023-05-19T12:52:00,False
down-217-223,down,close,217,2023-05-19T12:52:00,489.45,223,2023-05-19T12:58:00,486.45,225,2023-05-19T13:00:00,-0.5,2.44725,2,"[217, 223]","[219, 225]",broken,237,2023-05-19T13:12:00,237,2023-05-19T13:12:00,False
down-205-238,down,close,205,2023-05-19T12:40:00,537.2,238,2023-05-19T13:13:00,489.4,240,2023-05-19T13:15:00,-1.4484848484848505,2.6860000000000004,2,"[205, 238]","[207, 240]",broken,251,2023-05-19T13:26:00,251,2023-05-19T13:26:00,False
down-211-238,down,close,211,2023-05-19T12:46:00,509.5,238,2023-05-19T13:13:00,489.4,240,2023-05-19T13:15:00,-0.7444444444444452,2.5475,2,"[211, 238]","[213, 240]",broken,255,2023-05-19T13:30:00,255,2023-05-19T13:30:00,False
down-217-238,down,close,217,2023-05-19T12:52:00,489.45,238,2023-05-19T13:13:00,489.4,240,2023-05-19T13:15:00,-0.0023809523809529224,2.44725,2,"[217, 238]","[219, 240]",broken,263,2023-05-19T13:38:00,263,2023-05-19T13:38:00,False
down-243-247,down,close,243,2023-05-19T13:18:00,459.55,247,2023-05-19T13:22:00,459.45,249,2023-05-19T13:24:00,-0.025000000000005684,2.29775,2,"[243, 247]","[245, 249]",broken,250,2023-05-19T13:25:00,250,2023-05-19T13:25:00,False
down-205-256,down,close,205,2023-05-19T12:40:00,537.2,256,2023-05-19T13:31:00,480.4,258,2023-05-19T13:33:00,-1.1137254901960798,2.6860000000000004,2,"[205, 256]","[207, 258]",broken,259,2023-05-19T13:34:00,259,2023-05-19T13:34:00,False
down-211-256,down,close,211,2023-05-19T12:46:00,509.5,256,2023-05-19T13:31:00,480.4,258,2023-05-19T13:33:00,-0.6466666666666672,2.5475,2,"[211, 256]","[213, 258]",broken,259,2023-05-19T13:34:00,259,2023-05-19T13:34:00,False
down-238-256,down,close,238,2023-05-19T13:13:00,489.4,256,2023-05-19T13:31:00,480.4,258,2023-05-19T13:33:00,-0.5,2.447,2,"[238, 256]","[240, 258]",broken,259,2023-05-19T13:34:00,259,2023-05-19T13:34:00,False
down-205-266,down,close,205,2023-05-19T12:40:00,537.2,266,2023-05-19T13:41:00,506.9,268,2023-05-19T13:43:00,-0.49672131147541093,2.6860000000000004,2,"[205, 266]","[207, 268]",active,,,374,2023-05-19T15:29:00,False
down-211-266,down,close,211,2023-05-19T12:46:00,509.5,266,2023-05-19T13:41:00,506.9,268,2023-05-19T13:43:00,-0.04727272727272769,2.5475,2,"[211, 266]","[213, 268]",active,,,374,2023-05-19T15:29:00,False
down-266-272,down,close,266,2023-05-19T13:41:00,506.9,272,2023-05-19T13:47:00,499.05,274,2023-05-19T13:49:00,-1.3083333333333276,2.5345,2,"[266, 272]","[268, 274]",active,,,374,2023-05-19T15:29:00,False
down-298-310,down,close,298,2023-05-19T14:13:00,424.4,310,2023-05-19T14:25:00,366.8,312,2023-05-19T14:27:00,-4.799999999999997,2.122,2,"[298, 310]","[300, 312]",broken,313,2023-05-19T14:28:00,313,2023-05-19T14:28:00,False
down-303-310,down,close,303,2023-05-19T14:18:00,377.15,310,2023-05-19T14:25:00,366.8,312,2023-05-19T14:27:00,-1.4785714285714238,1.8857499999999998,2,"[303, 310]","[305, 312]",broken,314,2023-05-19T14:29:00,314,2023-05-19T14:29:00,False
down-303-314,down,close,303,2023-05-19T14:18:00,377.15,314,2023-05-19T14:29:00,369.0,316,2023-05-19T14:31:00,-0.7409090909090889,1.8857499999999998,2,"[303, 314]","[305, 316]",broken,317,2023-05-19T14:32:00,317,2023-05-19T14:32:00,False
down-298-317,down,close,298,2023-05-19T14:13:00,424.4,317,2023-05-19T14:32:00,374.35,319,2023-05-19T14:34:00,-2.634210526315787,2.122,2,"[298, 317]","[300, 319]",broken,337,2023-05-19T14:52:00,337,2023-05-19T14:52:00,False
down-303-317,down,close,303,2023-05-19T14:18:00,377.15,317,2023-05-19T14:32:00,374.35,319,2023-05-19T14:34:00,-0.19999999999999676,1.8857499999999998,2,"[303, 317]","[305, 319]",active,,,374,2023-05-19T15:29:00,False
down-298-340,down,close,298,2023-05-19T14:13:00,424.4,340,2023-05-19T14:55:00,334.65,342,2023-05-19T14:57:00,-2.136904761904762,2.122,2,"[298, 340]","[300, 342]",broken,346,2023-05-19T15:01:00,346,2023-05-19T15:01:00,False
down-317-340,down,close,317,2023-05-19T14:32:00,374.35,340,2023-05-19T14:55:00,334.65,342,2023-05-19T14:57:00,-1.7260869565217412,1.87175,2,"[317, 340]","[319, 342]",broken,346,2023-05-19T15:01:00,346,2023-05-19T15:01:00,False
down-323-340,down,close,323,2023-05-19T14:38:00,351.0,340,2023-05-19T14:55:00,334.65,342,2023-05-19T14:57:00,-0.9617647058823543,1.755,2,"[323, 340]","[325, 342]",broken,346,2023-05-19T15:01:00,346,2023-05-19T15:01:00,False
down-298-346,down,close,298,2023-05-19T14:13:00,424.4,346,2023-05-19T15:01:00,332.85,348,2023-05-19T15:03:00,-1.9072916666666657,2.122,2,"[298, 346]","[300, 348]",active,,,374,2023-05-19T15:29:00,False
down-317-346,down,close,317,2023-05-19T14:32:00,374.35,346,2023-05-19T15:01:00,332.85,348,2023-05-19T15:03:00,-1.4310344827586208,1.87175,2,"[317, 346]","[319, 348]",active,,,374,2023-05-19T15:29:00,False
down-323-346,down,close,323,2023-05-19T14:38:00,351.0,346,2023-05-19T15:01:00,332.85,348,2023-05-19T15:03:00,-0.7891304347826077,1.755,2,"[323, 346]","[325, 348]",active,,,374,2023-05-19T15:29:00,False
down-340-346,down,close,340,2023-05-19T14:55:00,334.65,346,2023-05-19T15:01:00,332.85,348,2023-05-19T15:03:00,-0.29999999999999244,1.67325,2,"[340, 346]","[342, 348]",active,,,374,2023-05-19T15:29:00,False
down-360-367,down,close,360,2023-05-19T15:15:00,268.95,367,2023-05-19T15:22:00,262.0,369,2023-05-19T15:24:00,-0.9928571428571412,1.34475,2,"[360, 367]","[362, 369]",broken,371,2023-05-19T15:26:00,371,2023-05-19T15:26:00,False
down-360-371,down,close,360,2023-05-19T15:15:00,268.95,371,2023-05-19T15:26:00,263.85,373,2023-05-19T15:28:00,-0.4636363636363605,1.34475,2,"[360, 371]","[362, 373]",active,,,374,2023-05-19T15:29:00,False
