timestamp,High,Low,Open,Close,Volume,Adj Close
2019-09-30,48.79600143432617,47.22200012207031,48.599998474121094,48.17399978637695,29399000,48.17399978637695
2019-10-01,49.189998626708984,47.82600021362305,48.29999923706055,48.93799973,30813000,48.93799973
2019-10-02,48.93000030517578,47.88600158691406,48.65800094604492,48.625999450683594,28157000,48.625999450683594
2019-10-03,46.895999908447266,44.85599899291992,46.37200164794922,46.60599899291992,75422500,46.60599899291992
2019-10-04,46.95600128173828,45.61399841308594,46.321998596191406,46.2859993,39975000,46.2859993
2019-10-07,47.71200180053711,45.709999084472656,45.959999084472656,47.54399871826172,40321000,47.54399871826172
2019-10-08,48.78799819946289,46.900001525878906,47.17399978637695,48.00999832,43391000,48.00999832
2019-10-09,49.459999084472656,48.130001068115234,48.263999938964844,48.90599822998047,34472000,48.90599822998047
2019-10-10,49.85599899291992,48.316001892089844,49.055999755859375,48.948001861572266,31416500,48.948001861572266
2019-10-11,50.215999603271484,49.36199951171875,49.43000030517578,49.577999114990234,42377000,49.577999114990234
2019-10-14,51.709999084472656,49.42599868774414,49.58000183105469,51.391998291015625,51025000,51.391998291015625
2019-10-15,52,50.82400131225586,51.540000915527344,51.577999114990234,32164000,51.577999114990234
2019-10-16,52.41999816894531,51.38399887084961,51.47800064086914,51.95000076293945,33420500,51.95000076293945
2019-10-17,52.95600128173828,52.034000396728516,52.5,52.39400100708008,23846500,52.39400100708008
2019-10-18,52.560001373291016,51.02000045776367,52.13999938964844,51.38999938964844,28749000,51.38999938964844
2019-10-21,51.900001525878906,50.0359993,51.66600036621094,50.70000076293945,25101500,50.70000076293945
2019-10-22,51.66600036621094,50.16999816894531,50.86399841308594,51.11600112915039,23004000,51.11600112915039
2019-10-23,51.22800064086914,50.27000045776367,50.900001525878906,50.93600082397461,26305500,50.93600082397461
2019-10-24,60.986000061035156,57.84000015258789,59.67399978637695,59.93600082397461,148604500,59.93600082397461
2019-10-25,66,59.22200012207031,59.54399871826172,65.62599945,150030500,65.62599945
2019-10-28,68.16799926757812,64.51999664,65.50800323486328,65.54199981689453,94351500,65.54199981689453
2019-10-29,64.86000061035156,62.95000076293945,63.99800109863281,63.24399948120117,63421500,63.24399948120117
2019-10-30,63.757999420166016,61.99399948120117,62.599998474121094,63.00199890136719,48209000,63.00199890136719
2019-10-31,63.79999923706055,62.599998474121094,62.619998931884766,62.98400115966797,25335000,62.98400115966797
2019-11-01,63.29600143432617,61.959999084472656,63.263999938964844,62.66199875,31919500,62.66199875
2019-11-04,64.38800048828125,61.85200119018555,62.959999084472656,63.49399948120117,43935000,63.49399948120117
2019-11-05,64.70200348,63.22399902,63.92399978637695,63.444000244140625,34717000,63.444000244140625
2019-11-06,65.34400177001953,62.900001525878906,63.599998474121094,65.31600189208984,39704500,65.31600189208984
2019-11-07,68.30000305175781,65.60399627685547,65.82800293,67.10800170898438,72336500,67.10800170898438
2019-11-08,67.49199676513672,66.5,66.90000153,67.4280014,30346000,67.4280014
2019-11-11,69.83799743652344,68.40000153,68.79000091552734,69.01799774169922,49933500,69.01799774169922
2019-11-12,70.0739975,68.80799865722656,69.37999725341797,69.98600006103516,36797000,69.98600006103516
2019-11-13,71.26599884033203,69.03600311279297,71,69.22200012207031,42100500,69.22200012207031
2019-11-14,70.76799774169922,68.58200073242188,69.22200012207031,69.87000274658203,32324500,69.87000274658203
2019-11-15,70.55999755859375,69.67199707,70.12799835205078,70.43399810791016,24045000,70.43399810791016
2019-11-18,70.62999725341797,69.22000122070312,70.58399963378906,69.99800109863281,22002000,69.99800109863281
2019-11-19,71.99800109863281,69.55999755859375,70.34999847,71.90399932861328,38624000,71.90399932861328
2019-11-20,72.23999786376953,69.91400146484375,72,70.44400024414062,33625500,70.44400024414062
2019-11-21,72.16799926757812,70.80000305175781,70.90200043,70.96600341796875,30550000,70.96600341796875
2019-11-22,68.19999694824219,66,68.03199768066406,66.60800170898438,84353000,66.60800170898438
2019-11-25,68.91400146484375,66.89199829101562,68.86399841308594,67.26799774169922,61697500,67.26799774169922
2019-11-26,67.09999847,65.41999816894531,67.05400085449219,65.78399658203125,39737000,65.78399658203125
2019-11-27,66.78600311279297,65.71399688720703,66.22399902,66.25800323486328,27778000,66.25800323486328
2019-11-29,66.25199890136719,65.5,66.22200012207031,65.98799896240234,12328000,65.98799896240234
2019-12-02,67.27600098,65.73799896240234,65.87999725341797,66.97399902,30372500,66.97399902
2019-12-03,67.58200073242188,66.43800354003906,66.52400207519531,67.23999786376953,32868500,67.23999786376953
2019-12-04,67.5719986,66.56999969482422,67.55000305175781,66.60600280761719,27665000,66.60600280761719
2019-12-05,66.88400268554688,65.44999694824219,66.56600189208984,66.0739975,18623000,66.0739975
2019-12-06,67.77200317382812,66.95400238,67,67.1780014,38062000,67.1780014
2019-12-09,68.88999938964844,67.01599884033203,67.31800079345703,67.90599822998047,45115500,67.90599822998047
2019-12-10,70.14600372314453,67.86199951171875,67.99199676513672,69.76799774169922,44141500,69.76799774169922
2019-12-11,71.43800354003906,70.21800231933594,70.37599945,70.54000091552734,34489000,70.54000091552734
2019-12-12,72.54799652,70.64600372314453,70.98400115966797,71.93599700927734,38819500,71.93599700927734
2019-12-13,73.04199981689453,70.9280014,72.20999908447266,71.6780014,32854500,71.6780014
2019-12-16,76.72200012207031,72.5,72.51000213623047,76.30000305175781,90871000,76.30000305175781
2019-12-17,77.09999847,75.18000030517578,75.79799652,75.79799652,42484000,75.79799652
2019-12-18,79.04399871826172,76.11599731445312,76.12599945,78.62999725341797,70605000,78.62999725341797
2019-12-19,81.37000274658203,79.30000305175781,79.46399688720703,80.80799865722656,90535500,80.80799865722656
2019-12-20,82.59999847,80.03800201416016,82.05799865722656,81.11799621582031,73763500,81.11799621582031
2019-12-23,84.40200043,82,82.35600280761719,83.84400177001953,66598000,83.84400177001953
2019-12-24,85.09400177001953,82.53800201416016,83.67199707,85.05000305175781,40273500,85.05000305175781
2019-12-26,86.69599914550781,85.26999664,85.58200073242188,86.18800354003906,53169500,86.18800354003906
2019-12-27,87.06199645996094,85.22200012207031,87,86.07599639892578,49728500,86.07599639892578
2019-12-30,85.80000305175781,81.85199737548828,85.75800323486328,82.94000244140625,62932000,82.94000244140625
2019-12-31,84.25800323486328,80.41600036621094,81,83.66600036621094,51428500,83.66600036621094
2020-01-02,86.13999938964844,84.34200286865234,84.90000153,86.05200195,47660500,86.05200195
2020-01-03,90.80000305175781,87.38400268554688,88.09999847,88.60199737548828,88892500,88.60199737548828
2020-01-06,90.31199645996094,88,88.09400177001953,90.30799865722656,50665000,90.30799865722656
2020-01-07,94.32599639892578,90.67199707,92.27999877929688,93.81199645996094,89410500,93.81199645996094
2020-01-08,99.69799805,93.64600372314453,94.73999786376953,98.4280014,155721500,98.4280014
2020-01-09,99.76000213623047,94.5739975,99.41999816894531,96.26799774169922,142202000,96.26799774169922
2020-01-10,96.98799896240234,94.73999786376953,96.35800170898438,95.62999725341797,64797500,95.62999725341797
2020-01-13,105.1259994506836,98.40000153,98.69999694824219,104.97200012207031,132588000,104.97200012207031
2020-01-14,109.48200225830078,104.9800033569336,108.85199737548828,107.58399963378906,144981000,107.58399963378906
2020-01-15,107.56800079345703,103.35800170898438,105.9520034790039,103.69999694824219,86844000,103.69999694824219
2020-01-16,102.89199829101562,98.43399810791016,98.75,102.697998,108683500,102.697998
2020-01-17,103.13400268554688,100.63200378417969,101.52200317382812,102.0999984741211,68145500,102.0999984741211
2020-01-21,109.71600341796875,105.68199920654297,106.05000305175781,109.44000244140625,89017500,109.44000244140625
2020-01-22,118.9000015258789,111.81999969482422,114.37799835205078,113.91200256347656,156845000,113.91200256347656
2020-01-23,116.4000015258789,111.12000274658203,112.8499984741211,114.44000244140625,98255000,114.44000244140625
2020-01-24,114.77200317382812,110.85199737548828,114.1259994506836,112.96399688720703,71768000,112.96399688720703
2020-01-27,112.88800048828125,107.85600280761719,108.39800262451172,111.60399627685547,68040500,111.60399627685547
2020-01-28,115.36199951171875,111.61599731445312,113.697998,113.37999725341797,58942500,113.37999725341797
2020-01-29,117.95999908447266,113.48600006103516,115.13800048828125,116.197998,89007500,116.197998
2020-01-30,130.17599487304688,123.5999984741211,126.48400115966797,128.16200256347656,145028500,128.16200256347656
2020-01-31,130.60000610351562,126.50399780273438,128,130.11399841308594,78596500,130.11399841308594
2020-02-03,157.22799682617188,134.70399475097656,134.73800659179688,156,235325000,156
2020-02-04,193.79800415039062,166.7760009765625,176.5919952392578,177.41200256347656,304694000,177.41200256347656
2020-02-05,169.1959991455078,140.82200622558594,164.65199279785156,146.94000244140625,242119000,146.94000244140625
2020-02-06,159.16600036621094,137.39999389648438,139.98399353027344,149.79200744628906,199404000,149.79200744628906
2020-02-07,153.9499969482422,146,146.11000061035156,149.61399841308594,85317500,149.61399841308594
2020-02-10,163.9980010986328,150.47999572753906,160,154.25599670410156,123446000,154.25599670410156
2020-02-11,156.70199584960938,151.60000610351562,153.75799560546875,154.87600708007812,58487500,154.87600708007812
2020-02-12,157.9499969482422,152.6739959716797,155.57400512695312,153.45799255371094,60112500,153.45799255371094
2020-02-13,163.60000610351562,147,148.3679962158203,160.8000030517578,131446500,160.8000030517578
2020-02-14,162.5939941,157.10000610351562,157.44400024414062,160.00599670410156,78468500,160.00599670410156
2020-02-18,172,166.4720001220703,168.32000732421875,171.67999267578125,81908500,171.67999267578125
2020-02-19,188.95599365234375,180.20399475097656,184.6999969482422,183.48399353027344,127115000,183.48399353027344
2020-02-20,182.39999389648438,171.98800659179688,182.38999938964844,179.8820037841797,88174500,179.8820037841797
2020-02-21,182.61199951171875,176.08999633789062,181.3959961,180.1999969482422,71574000,180.1999969482422
2020-02-24,172.6999969482422,164.44000244140625,167.8000030517578,166.75799560546875,75961000,166.75799560546875
2020-02-25,171.32000732421875,157.39999389648438,169.8000030517578,159.98199462890625,86452500,159.98199462890625
2020-02-26,162.66200256347656,155.2220001220703,156.5,155.75999450683594,70427500,155.75999450683594
2020-02-27,147.95399475097656,133.8000030517578,146,135.8000030517578,121386000,135.8000030517578
2020-02-28,138.1040039,122.30400085449219,125.94000244140625,133.59800720214844,121114500,133.59800720214844
2020-03-02,148.73800659179688,137.33399963378906,142.2519989013672,148.7239990234375,100975000,148.7239990234375
2020-03-03,161.3959961,143.2220001220703,161,149.1020050048828,128920000,149.1020050048828
2020-03-04,153.3040008544922,144.9459991455078,152.79200744628906,149.89999389648438,75245000,149.89999389648438
2020-03-05,149.14999389648438,143.61399841308594,144.75399780273438,144.9080047607422,54263500,144.9080047607422
2020-03-06,141.39999389648438,136.8540039,138,140.6959991455078,63314500,140.6959991455078
2020-03-09,132.60000610351562,121,121.0780029296875,121.5999984741211,85368500,121.5999984741211
2020-03-10,133.60000610351562,121.5999984741211,131.88600158691406,129.0659942626953,77972000,129.0659942626953
2020-03-11,130.71600341796875,122.5999984741211,128.0399932861328,126.84600067138672,66612500,126.84600067138672
2020-03-12,118.9000015258789,109.25,116.1780014038086,112.11000061035156,94545500,112.11000061035156
2020-03-13,121.51399993896484,100.4000015258789,119,109.3239974975586,113201500,109.3239974975586
2020-03-16,98.97399902,88.43399810791016,93.90000153,89.01399993896484,102447500,89.01399993896484
2020-03-17,94.37000274658203,79.19999694824219,88.00199890136719,86.04000091552734,119973000,86.04000091552734
2020-03-18,80.97200012207031,70.10199737548828,77.80000305175781,72.24400329589844,118931000,72.24400329589844
2020-03-19,90.40000153,71.69200134277344,74.94000244140625,85.52799987792969,150977500,85.52799987792969
2020-03-20,95.40000153,85.15799713134766,87.63999938964844,85.50599670410156,141427500,85.50599670410156
2020-03-23,88.40000153,82.09999847,86.72000122070312,86.85800170898438,82272500,86.85800170898438
2020-03-24,102.73799896240234,94.80000305175781,95.45999908447266,101,114476000,101
2020-03-25,111.4000015258789,102.22200012207031,109.05000305175781,107.8499984741211,106113500,107.8499984741211
2020-03-26,112,102.44999694824219,109.47799682617188,105.63200378417969,86903500,105.63200378417969
2020-03-27,105.16000366210938,98.80599975585938,101,102.87200164794922,71887000,102.87200164794922
2020-03-30,103.33000183105469,98.24600219726562,102.052002,100.4260025024414,59990500,100.4260025024414
2020-03-31,108.59200286865234,99.40000153,100.25,104.80000305175781,88857500,104.80000305175781
2020-04-01,102.79000091552734,95.01999664,100.80000305175781,96.31199645996094,66766000,96.31199645996094
2020-04-02,98.85199737548828,89.27999877929688,96.20600128173828,90.89399719238281,99292000,90.89399719238281
2020-04-03,103.0979995727539,93.6780014,101.9000015258789,96.00199890136719,112810500,96.00199890136719
2020-04-06,104.19999694824219,99.59200286865234,102.23999786376953,103.24800109863281,74509000,103.24800109863281
2020-04-07,113,106.46800231933594,109,109.08999633789062,89599000,109.08999633789062
2020-04-08,111.44200134277344,106.66600036621094,110.83999633789062,109.76799774169922,63280000,109.76799774169922
2020-04-09,115.03600311279297,111.4219970703125,112.41799926757812,114.5999984741211,68250000,114.5999984741211
2020-04-13,130.39999389648438,116.10600280761719,118.03199768066406,130.19000244140625,112377000,130.19000244140625
2020-04-14,148.37600708007812,138.48599243164062,139.79400634765625,141.97799682617188,152882500,141.97799682617188
2020-04-15,150.62600708007812,142,148.39999389648438,145.96600341796875,117885000,145.96600341796875
2020-04-16,151.88999938964844,141.3439941,143.38800048828125,149.04200744628906,103289500,149.04200744628906
2020-04-17,154.99000549316406,149.53199768066406,154.45599365234375,150.7779998779297,65641000,150.7779998779297
2020-04-20,153.11399841308594,142.44200134277344,146.5399932861328,149.27200317382812,73733000,149.27200317382812
2020-04-21,150.66600036621094,134.75799560546875,146.0240020751953,137.3439941,101045500,137.3439941
2020-04-22,146.8000030517578,137.74200439453125,140.79600524902344,146.4219970703125,70827500,146.4219970703125
2020-04-23,146.8000030517578,140.62600708007812,145.52000427246094,141.12600708007812,66183500,141.12600708007812
2020-04-24,146.1459961,139.63600158691406,142.16200256347656,145.02999877929688,66060000,145.02999877929688
2020-04-27,159.8979949951172,147,147.52200317382812,159.75,103407000,159.75
2020-04-28,161,151.33799743652344,159.1280059814453,153.82400512695312,76110000,153.82400512695312
2020-04-29,160.63999938964844,156.6320037841797,158.03399658203125,160.1020050048828,81080000,160.1020050048828
2020-04-30,173.96400451660156,152.6999969482422,171.03799438476562,156.37600708007812,142359500,156.37600708007812
2020-05-01,154.5540008544922,136.60800170898438,151,140.26400756835938,162659000,140.26400756835938
2020-05-04,152.39999389648438,139.60000610351562,140.1999969482422,152.23800659179688,96185500,152.23800659179688
2020-05-05,159.78399658203125,152.43600463867188,157.95799255371094,153.64199829101562,84958500,153.64199829101562
2020-05-06,157.9600067138672,152.2220001220703,155.3000030517578,156.51600646972656,55616000,156.51600646972656
2020-05-07,159.27999877929688,154.47000122070312,155.44200134277344,156.00799560546875,57638500,156.00799560546875
2020-05-08,164.8000030517578,157.40199279785156,158.75399780273438,163.88400268554688,80432500,163.88400268554688
2020-05-11,164.8000030517578,157,158.1020050048828,162.25799560546875,82598000,162.25799560546875
2020-05-12,168.6580047607422,161.60000610351562,165.39999389648438,161.8820037841797,79534500,161.8820037841797
2020-05-13,165.1999969482422,152.66000366210938,164.16600036621094,158.19200134277344,95327500,158.19200134277344
2020-05-14,160.6719970703125,152.8000030517578,156,160.66600036621094,68411000,160.66600036621094
2020-05-15,161.00999450683594,157.30999755859375,158.07000732421875,159.83399963378906,52592000,159.83399963378906
2020-05-18,166.94400024414062,160.7760009765625,165.55599975585938,162.7259979248047,58329000,162.7259979248047
2020-05-19,164.41400146484375,161.21600341796875,163.03399658203125,161.6020050048828,48182500,161.6020050048828
2020-05-20,165.1999969482422,162.36000061035156,164.10000610351562,163.11199951171875,36546500,163.11199951171875
2020-05-21,166.5,159.1999969482422,163.1999969482422,165.52000427246094,61273000,165.52000427246094
2020-05-22,166.3560028076172,162.39999389648438,164.4340057373047,163.37600708007812,49937500,163.37600708007812
2020-05-26,166.9199981689453,163.14199829101562,166.89999389648438,163.7740020751953,40448500,163.7740020751953
2020-05-27,165.54200744628906,157,164.1719970703125,164.04600524902344,57747500,164.04600524902344
2020-05-28,164.9499969482422,160.33799743652344,162.70199584960938,161.16200256347656,36278000,161.16200256347656
2020-05-29,167,160.8419952392578,161.75,167,58822500,167
2020-06-01,179.8000030517578,170.82000732421875,171.60000610351562,179.6199951171875,74697500,179.6199951171875
2020-06-02,181.73199462890625,174.1999969482422,178.94000244140625,176.31199645996094,67828000,176.31199645996094
2020-06-03,179.58799743652344,176.02000427246094,177.62399291992188,176.5919952392578,39747500,176.5919952392578
2020-06-04,179.14999389648438,171.68800354003906,177.9759979248047,172.87600708007812,44438500,172.87600708007812
2020-06-05,177.3040008544922,173.24000549316406,175.5679931640625,177.1320037841797,39059500,177.1320037841797
2020-06-08,190,181.83200073242188,183.8000030517578,189.98399353027344,70873500,189.98399353027344
2020-06-09,190.88800048828125,184.78599548339844,188.0019989013672,188.13400268554688,56941000,188.13400268554688
2020-06-10,205.49600219726562,196.5,198.37600708007812,205.00999450683594,92817000,205.00999450683594
2020-06-11,203.79200744628906,194.39999389648438,198.0399932861328,194.5679931640625,79582500,194.5679931640625
2020-06-12,197.5959930419922,182.52000427246094,196,187.05599975585938,83817000,187.05599975585938
2020-06-15,199.76800537109375,181.6999969482422,183.55799865722656,198.17999267578125,78486000,198.17999267578125
2020-06-16,202.5760040283203,192.47799682617188,202.3699951171875,196.42599487304688,70255500,196.42599487304688
2020-06-17,201,196.51400756835938,197.54200744628906,198.35800170898438,49454000,198.35800170898438
2020-06-18,203.83999633789062,198.8939971923828,200.60000610351562,200.79200744628906,48759500,200.79200744628906
2020-06-19,203.19400024414062,198.26800537109375,202.55599975585938,200.17999267578125,43398500,200.17999267578125
2020-06-22,201.7760009765625,198.00399780273438,199.99000549316406,198.86399841308594,31812000,198.86399841308594
2020-06-23,202.39999389648438,198.802002,199.7760009765625,200.3560028076172,31826500,200.3560028076172
2020-06-24,200.17599487304688,190.6280059814453,198.82200622558594,192.1699981689453,54798000,192.1699981689453
2020-06-25,197.1959991455078,187.42999267578125,190.8540039,197.1959991455078,46272500,197.1959991455078
2020-06-26,199,190.9739990234375,198.95599365234375,191.947998,44274500,191.947998
2020-06-29,202,189.70399475097656,193.802002,201.8699951171875,45132000,201.8699951171875
2020-06-30,217.53799438476562,200.74600219726562,201.3000030517578,215.96200561523438,84592500,215.96200561523438
2020-07-01,227.0659942626953,216.10000610351562,216.60000610351562,223.92599487304688,66634500,223.92599487304688
2020-07-02,245.60000610351562,237.1199951171875,244.29600524902344,241.73199462890625,86250500,241.73199462890625
2020-07-06,275.5580139160156,253.20799255371094,255.33799743652344,274.3160095214844,102849500,274.3160095214844
2020-07-07,285.8999938964844,267.3420104980469,281.00201416015625,277.97198486328125,107448500,277.97198486328125
2020-07-08,283.4519958496094,262.26800537109375,281,273.1759948730469,81556500,273.1759948730469
2020-07-09,281.7120056152344,270.2560119628906,279.39801025390625,278.8559875488281,58588000,278.8559875488281
2020-07-10,309.78399658203125,275.2019958496094,279.20001220703125,308.92999267578125,116688000,308.92999267578125
2020-07-13,358.99798583984375,294.22198486328125,331.79998779296875,299.4119873046875,194927000,299.4119873046875
2020-07-14,318,286.20001220703125,311.20001220703125,303.3599853515625,117090500,303.3599853515625
2020-07-15,310,291.3999938964844,308.6000061035156,309.2019958496094,81839000,309.2019958496094
2020-07-16,306.3420104980469,293.20001220703125,295.4320068359375,300.12799072265625,71504000,300.12799072265625
2020-07-17,307.50201416015625,298,302.69000244140625,300.1679992675781,46650000,300.1679992675781
2020-07-20,330,297.6000061035156,303.802002,328.6000061035156,85607000,328.6000061035156
2020-07-21,335,311.6000061035156,327.9859924316406,313.6719970703125,80536000,313.6719970703125
2020-07-22,325.28399658203125,312.3999938964844,319.79998779296875,318.46600341796875,70805500,318.46600341796875
2020-07-23,337.79998779296875,296.15399169921875,335.7900085449219,302.6140137,121642500,302.6140137
2020-07-24,293,273.3080139160156,283.2019958496094,283.3999938964844,96983000,283.3999938964844
2020-07-27,309.5880126953125,282.6000061035156,287,307.9200134277344,80243500,307.9200134277344
2020-07-28,312.94000244140625,294.8840026855469,300.79998779296875,295.2980041503906,79043500,295.2980041503906
2020-07-29,306.9620056152344,297.3999938964844,300.20001220703125,299.8219909667969,47134500,299.8219909667969
2020-07-30,302.64801025390625,294.20001220703125,297.6000061035156,297.49798583984375,38105000,297.49798583984375
2020-07-31,303.4100036621094,284.1960144042969,303,286.1520080566406,61041000,286.1520080566406
2020-08-03,301.9620056152344,288.8760070800781,289.8399963378906,297,44046500,297
2020-08-04,305.48199462890625,292.3999938964844,299.00201416015625,297.3999938964844,42075000,297.3999938964844
2020-08-05,299.9679870605469,293.6619873046875,298.5979919433594,297.0039978027344,24739000,297.0039978027344
2020-08-06,303.4620056152344,295.4519958496094,298.1659851074219,297.9159851074219,29961500,297.9159851074219
2020-08-07,299.95001220703125,283.00201416015625,299.9079895019531,290.5419922,44482000,290.5419922
2020-08-10,291.5,277.1679992675781,289.6000061035156,283.7139892578125,37611500,283.7139892578125
2020-08-11,284,273,279.20001220703125,274.87799072265625,43129000,274.87799072265625
2020-08-12,317,287,294,310.9519958496094,109147000,310.9519958496094
2020-08-13,330.2359924316406,313.4519958496094,322.20001220703125,324.20001220703125,102126500,324.20001220703125
2020-08-14,333.7600098,325.3280029296875,332.99798583984375,330.1419982910156,62888000,330.1419982910156
2020-08-17,369.1719970703125,334.5660095214844,335.3999938964844,367.12799072265625,101211500,367.12799072265625
2020-08-18,384.7799987792969,369.0220031738281,379.7980041503906,377.4179992675781,82372500,377.4179992675781
2020-08-19,382.20001220703125,368.24200439453125,373,375.70599365234375,61026500,375.70599365234375
2020-08-20,404.39801025390625,371.4119873046875,372.1359863,400.3659973144531,103059000,400.3659973144531
2020-08-21,419.0979919433594,405.0100098,408.9519958496094,409.9960021972656,107448000,409.9960021972656
2020-08-24,425.79998779296875,385.5039978027344,425.2560119628906,402.8399963378906,100318000,402.8399963378906
2020-08-25,405.5899963378906,393.6000061035156,394.9779968261719,404.6679992675781,53294500,404.6679992675781
2020-08-26,433.20001220703125,410.72601318359375,412,430.6340026855469,71197000,430.6340026855469
2020-08-27,459.1199951171875,428.5,436.0920104980469,447.75,118465000,447.75
2020-08-28,463.697998,437.3039855957031,459.02398681640625,442.67999267578125,100406000,442.67999267578125
2020-08-31,500.1400146484375,440.1099853515625,444.6099853515625,498.32000732421875,118374400,498.32000732421875
2020-09-01,502.4899902,470.5100098,502.1400146484375,475.04998779296875,89841100,475.04998779296875
2020-09-02,479.0400085449219,405.1199951171875,478.9899902,447.3699951171875,96176100,447.3699951171875
2020-09-03,431.79998779296875,402,407.2300109863281,407,87596100,407
2020-09-04,428,372.0199890136719,402.80999755859375,418.32000732421875,110321900,418.32000732421875
2020-09-08,368.7399902,329.8800048828125,356,330.2099914550781,115465700,330.2099914550781
2020-09-09,369,341.5100098,356.6000061035156,366.2799987792969,79465800,366.2799987792969
2020-09-10,398.9899902,360.55999755859375,386.2099914550781,371.3399963378906,84930600,371.3399963378906
2020-09-11,382.5,360.5,381.94000244140625,372.7200012207031,60717500,372.7200012207031
2020-09-14,420,373.29998779296875,380.95001220703125,419.6199951171875,83020600,419.6199951171875
2020-09-15,461.94000244140625,430.70001220703125,436.55999755859375,449.7600098,97298200,449.7600098
2020-09-16,457.7900085449219,435.30999755859375,439.8699951171875,441.7600098,72279300,441.7600098
2020-09-17,437.7900085449219,408,415.6000061035156,423.42999267578125,76779200,423.42999267578125
2020-09-18,451,428.79998779296875,447.94000244140625,442.1499938964844,86406800,442.1499938964844
2020-09-21,455.67999267578125,407.07000732421875,453.1300048828125,449.3900146484375,109476800,449.3900146484375
2020-09-22,437.7600098,417.6000061035156,429.6000061035156,424.2300109863281,79580800,424.2300109863281
2020-09-23,412.1499938964844,375.8800048828125,405.1600036621094,380.3599853515625,95074200,380.3599853515625
2020-09-24,399.5,351.29998779296875,363.79998779296875,387.7900085449219,96561100,387.7900085449219
2020-09-25,408.7300109863281,391.29998779296875,393.4700012207031,407.3399963378906,67208500,407.3399963378906
2020-09-28,428.0799865722656,415.54998779296875,424.6199951171875,421.20001220703125,49719600,421.20001220703125
2020-09-29,428.5,411.6000061035156,416,419.07000732421875,50219300,419.07000732421875
2020-09-30,433.92999267578125,420.4700012207031,421.32000732421875,429.0100098,48145600,429.0100098
2020-10-01,448.8800048828125,434.4200134277344,440.7600098,448.1600036621094,50741500,448.1600036621094
2020-10-02,439.1300048828125,415,421.3900146484375,415.0899963378906,71430000,415.0899963378906
2020-10-05,433.6400146484375,419.3299865722656,423.3500061035156,425.67999267578125,44722800,425.67999267578125
2020-10-06,428.7799987792969,406.04998779296875,423.7900085449219,413.9800109863281,49146300,413.9800109863281
2020-10-07,429.8999938964844,413.8500061035156,419.8699951171875,425.29998779296875,43127700,425.29998779296875
2020-10-08,439,425.29998779296875,438.44000244140625,425.9200134277344,40421100,425.9200134277344
2020-10-09,434.5899963378906,426.4599914550781,430.1300048828125,434,28925700,434
2020-10-12,448.7399902,438.5799865722656,442,442.29998779296875,38791100,442.29998779296875
2020-10-13,448.8900146484375,436.6000061035156,443.3500061035156,446.6499938964844,34463700,446.6499938964844
2020-10-14,465.8999938964844,447.3500061035156,449.7799987792969,461.29998779296875,47879700,461.29998779296875
2020-10-15,456.57000732421875,442.5,450.30999755859375,448.8800048828125,35672400,448.8800048828125
2020-10-16,455.95001220703125,438.8500061035156,454.44000244140625,439.6700134277344,32775900,439.6700134277344
2020-10-19,447,428.8699951171875,446.2399902,430.8299865722656,36287800,430.8299865722656
2020-10-20,431.75,419.04998779296875,431.75,421.94000244140625,31656300,421.94000244140625
2020-10-21,432.95001220703125,421.25,422.70001220703125,422.6400146484375,32370500,422.6400146484375
2020-10-22,445.2300109863281,424.5100098,441.9200134277344,425.7900085449219,39993200,425.7900085449219
2020-10-23,422.8900146484375,407.3800048828125,421.8399963378906,420.6300048828125,33717000,420.6300048828125
2020-10-26,425.7600098,410,411.6300048828125,420.2799987792969,28239200,420.2799987792969
2020-10-27,430.5,420.1000061035156,423.7600098,424.67999267578125,22686500,424.67999267578125
2020-10-28,418.6000061035156,406,416.4800109863281,406.0199890136719,25451400,406.0199890136719
2020-10-29,418.05999755859375,406.4599914550781,409.9599914550781,410.8299865722656,22655300,410.8299865722656
2020-10-30,407.5899963378906,379.1099853515625,406.8999938964844,388.0400085449219,42511300,388.0400085449219
2020-11-02,406.9800109863281,392.29998779296875,394,400.5100098,29021100,400.5100098
2020-11-03,427.7699890136719,406.69000244140625,409.7300109863281,423.8999938964844,34351700,423.8999938964844
2020-11-04,435.3999938964844,417.1000061035156,430.6199951171875,420.9800109863281,32143100,420.9800109863281
2020-11-05,440,424,428.29998779296875,438.0899963378906,28414500,438.0899963378906
2020-11-06,436.57000732421875,424.2799987792969,436.1000061035156,429.95001220703125,21706000,429.95001220703125
2020-11-09,452.5,421,439.5,421.2600098,34833000,421.2600098
2020-11-10,420.0899963378906,396.0299987792969,420.0899963378906,410.3599853515625,30284200,410.3599853515625
2020-11-11,418.70001220703125,410.5799865722656,416.45001220703125,417.1300048828125,17357700,417.1300048828125
2020-11-12,423,409.5199890136719,415.04998779296875,411.7600098,19855100,411.7600098
2020-11-13,412.5299987792969,401.6600036621094,410.8500061035156,408.5,19771100,408.5
2020-11-16,412.45001220703125,404.0899963378906,408.92999267578125,408.0899963378906,26838600,408.0899963378906
2020-11-17,462,433.0100098,460.1700134277344,441.6099853515625,61188300,441.6099853515625
2020-11-18,496,443.5,448.3500061035156,486.6400146484375,78044000,486.6400146484375
2020-11-19,508.6099853515625,487.57000732421875,492,499.2699890136719,62475300,499.2699890136719
2020-11-20,502.5,489.05999755859375,497.9899902,489.6099853515625,32911900,489.6099853515625
2020-11-23,526,501.7900085449219,503.5,521.8499755859375,50260300,521.8499755859375
2020-11-24,559.9899902,526.2000122070312,540.4000244140625,555.3800048828125,53648500,555.3800048828125
2020-11-25,574,545.3699951171875,550.0599975585938,574,48930200,574
2020-11-27,598.7800293,578.4500122070312,581.1599731445312,585.7600098,37561100,585.7600098
2020-11-30,607.7999877929688,554.5100098,602.2100219726562,567.5999755859375,63003100,567.5999755859375
2020-12-01,597.8499755859375,572.0499877929688,597.5900268554688,584.7600098,40103500,584.7600098
2020-12-02,571.5399780273438,541.2100219726562,556.4400024414062,568.8200073242188,47775700,568.8200073242188
2020-12-03,598.9699707,582.4299926757812,590.0200195,593.3800048828125,42552000,593.3800048828125
2020-12-04,599.0399780273438,585.5,591.0100098,599.0399780273438,29401300,599.0399780273438
2020-12-07,648.7899780273438,603.0499877929688,604.9199829101562,641.7600098,56309700,641.7600098
2020-12-08,651.2800293,618.5,625.5100098,649.8800048828125,64265000,649.8800048828125
2020-12-09,654.3200073242188,588,653.6900024414062,604.4799805,71291200,604.4799805
2020-12-10,627.75,566.3400268554688,574.3699951171875,627.0700073242188,67083200,627.0700073242188
2020-12-11,624,596.7999877929688,615.0100098,609.9899902,46475000,609.9899902
2020-12-14,642.75,610.2000122070312,619,639.8300170898438,52040600,639.8300170898438
2020-12-15,646.9000244140625,623.7999877929688,643.2800293,633.25,45071500,633.25
2020-12-16,632.5,605,628.2299805,622.7700195,42095800,622.7700195
2020-12-17,658.8200073242188,619.5,628.1900024414062,655.9000244140625,56270100,655.9000244140625
2020-12-18,695,628.5399780273438,668.9000244140625,695,222126200,695
2020-12-21,668.5,646.0700073242188,666.2399902,649.8599853515625,58045300,649.8599853515625
2020-12-22,649.8800048828125,614.2299805,648,640.3400268554688,51716000,640.3400268554688
2020-12-23,651.5,622.5700073242188,632.2000122070312,645.9799805,33173000,645.9799805
2020-12-24,666.0900268554688,641,642.9899902,661.7700195,22865600,661.7700195
2020-12-28,681.4000244140625,660.7999877929688,674.5100098,663.6900024414062,32278600,663.6900024414062
2020-12-29,669.9000244140625,655,661,665.9899902,22910800,665.9899902
2020-12-30,696.5999755859375,668.3599853515625,672,694.7800293,42846000,694.7800293
2020-12-31,718.7199707,691.1199951171875,699.9899902,705.6699829101562,49649900,705.6699829101562
2021-01-04,744.4899902,717.1900024414062,719.4600219726562,729.7700195,48638200,729.7700195
2021-01-05,740.8400268554688,719.2000122070312,723.6599731445312,735.1099853515625,32245200,735.1099853515625
2021-01-06,774,749.0999755859375,758.4899902,755.9799805,44700000,755.9799805
2021-01-07,816.9899902,775.2000122070312,777.6300048828125,816.0399780273438,51498900,816.0399780273438
2021-01-08,884.4899902,838.3900146484375,856,880.0200195,75055500,880.0200195
2021-01-11,854.4299926757812,803.6199951171875,849.4000244140625,811.1900024414062,59301600,811.1900024414062
2021-01-12,868,827.3400268554688,831,849.4400024414062,46270700,849.4400024414062
2021-01-13,860.4699707,832,852.7600098,854.4099731445312,33312500,854.4099731445312
2021-01-14,863,838.75,843.3900146484375,845,31266300,845
2021-01-15,859.9000244140625,819.0999755859375,852,826.1599731445312,38777600,826.1599731445312
2021-01-19,850,833,837.7999877929688,844.5499877929688,25367000,844.5499877929688
2021-01-20,859.5,837.2800293,858.7399902,850.4500122070312,25665900,850.4500122070312
2021-01-21,855.7199707,841.4199829101562,855,844.9899902,20521100,844.9899902
2021-01-22,848,828.6199951171875,834.3099975585938,846.6400146484375,20066500,846.6400146484375
2021-01-25,900.4000244140625,838.8200073242188,855,880.7999877929688,41173400,880.7999877929688
2021-01-26,895.9000244140625,871.5999755859375,891.3800048828125,883.0900268554688,23131600,883.0900268554688
2021-01-27,891.5,858.6599731445312,870.3499755859375,864.1599731445312,27334000,864.1599731445312
2021-01-28,848,801,820,835.4299926757812,26378000,835.4299926757812
2021-01-29,842.4099731445312,780.0999755859375,830,793.5300293,34990800,793.5300293
2021-02-01,842,795.5599975585938,814.2899780273438,839.8099975585938,25391400,839.8099975585938
2021-02-02,880.5,842.2000122070312,844.6799926757812,872.7899780273438,24346200,872.7899780273438
2021-02-03,878.0800170898438,853.0599975585938,877.0200195,854.6900024414062,18343500,854.6900024414062
2021-02-04,856.5,833.4199829101562,855,849.9899902,15812700,849.9899902
2021-02-05,864.7700195,838.9699707,845,852.2299805,18566600,852.2299805
2021-02-08,877.7700195,854.75,869.6699829101562,863.4199829101562,20161700,863.4199829101562
2021-02-09,859.7999877929688,841.75,855.1199951171875,849.4600219726562,15157700,849.4600219726562
2021-02-10,844.8200073242188,800.0200195,843.6400146484375,804.8200073242188,36216100,804.8200073242188
2021-02-11,829.8800048828125,801.7299805,812.4400024414062,811.6599731445312,21622800,811.6599731445312
2021-02-12,817.3300170898438,785.3300170898438,801.2600098,816.1199951171875,23768300,816.1199951171875
2021-02-16,821,792.4400024414062,818,796.2199707,19802300,796.2199707
2021-02-17,799.8400268554688,762.0100098,779.0900268554688,798.1500244140625,25996500,798.1500244140625
2021-02-18,794.6900024414062,776.2700195,780.9000244140625,787.3800048828125,17957100,787.3800048828125
2021-02-19,796.7899780273438,777.3699951171875,795,781.2999877929688,18958300,781.2999877929688
2021-02-22,768.5,710.2000122070312,762.6400146484375,714.5,37269700,714.5
2021-02-23,713.6099853515625,619,662.1300048828125,698.8400268554688,66606900,698.8400268554688
2021-02-24,745,694.1699829101562,711.8499755859375,742.0200195,36767000,742.0200195
2021-02-25,737.2100219726562,670.5800170898438,726.1500244140625,682.2199707,39023900,682.2199707
2021-02-26,706.7000122070312,659.5100098,700,675.5,41089200,675.5
2021-03-01,719,685.0499877929688,690.1099853515625,718.4299926757812,27136200,718.4299926757812
2021-03-02,721.1099853515625,685,718.2800293,686.4400024414062,23732200,686.4400024414062
2021-03-03,700.7000122070312,651.7100219726562,687.9899902,653.2000122070312,30208000,653.2000122070312
2021-03-04,668.4500122070312,600,655.7999877929688,621.4400024414062,65919500,621.4400024414062
2021-03-05,627.8400268554688,539.4899902,626.0599975585938,597.9500122070312,89396500,597.9500122070312
2021-03-08,620.1300048828125,558.7899780273438,600.5499877929688,563,51787000,563
2021-03-09,678.0900268554688,595.2100219726562,608.1799926757812,673.5800170898438,67523300,673.5800170898438
2021-03-10,717.8499755859375,655.0599975585938,700.2999877929688,668.0599975585938,60605700,668.0599975585938
2021-03-11,702.5,677.1799926757812,699.4000244140625,699.5999755859375,36253900,699.5999755859375
2021-03-12,694.8800048828125,666.1400146484375,670,693.7299805,33583800,693.7299805
2021-03-15,713.1799926757812,684.0399780273438,694.0900268554688,707.9400024414062,29335600,707.9400024414062
2021-03-16,707.9199829101562,671,703.3499755859375,676.8800048828125,32195700,676.8800048828125
2021-03-17,703.7299805,651.0100098,656.8699951171875,701.8099975585938,40372500,701.8099975585938
2021-03-18,689.2299805,652,684.2899780273438,653.1599731445312,33224800,653.1599731445312
2021-03-19,657.2299805,624.6199951171875,646.5999755859375,654.8699951171875,42894000,654.8699951171875
2021-03-22,699.6199951171875,668.75,684.5900268554688,670,39512200,670
2021-03-23,677.7999877929688,657.5100098,675.7700195,662.1599731445312,30491900,662.1599731445312
2021-03-24,668.0200195,630.1099853515625,667.9099731445312,630.2700195,33795200,630.2700195
2021-03-25,645.5,609.5,613,640.3900146484375,39224900,640.3900146484375
2021-03-26,643.8200073242188,599.8900146484375,641.8699951171875,618.7100219726562,33852800,618.7100219726562
2021-03-29,616.4799805,596.0200195,615.6400146484375,611.2899780273438,28637000,611.2899780273438
2021-03-30,637.6599731445312,591.0100098,601.75,635.6199951171875,39432400,635.6199951171875
2021-03-31,672,641.1099853515625,646.6199951171875,667.9299926757812,33337300,667.9299926757812
2021-04-01,692.4199829101562,659.4199829101562,688.3699951171875,661.75,35298400,661.75
2021-04-05,708.1599731445312,684.7000122070312,707.7100219726562,691.0499877929688,41842800,691.0499877929688
2021-04-06,696.5499877929688,681.3699951171875,690.2999877929688,691.6199951171875,28271800,691.6199951171875
2021-04-07,691.3800048828125,667.8400268554688,687,670.9699707,26309400,670.9699707
2021-04-08,689.5499877929688,671.6500244140625,677.3800048828125,683.7999877929688,23924300,683.7999877929688
2021-04-09,680.9699707,669.4299926757812,677.7700195,677.0200195,21437100,677.0200195
2021-04-12,704.7999877929688,682.0900268554688,685.7000122070312,701.9799805,29135700,701.9799805
2021-04-13,763,710.6599731445312,712.7000122070312,762.3200073242188,44652800,762.3200073242188
2021-04-14,780.7899780273438,728.0300293,770.7000122070312,732.2299805,49017400,732.2299805
2021-04-15,743.6900024414062,721.3099975585938,743.0999755859375,738.8499755859375,27848900,738.8499755859375
2021-04-16,749.4099731445312,724.5999755859375,728.6500244140625,739.7800293,27979500,739.7800293
2021-04-19,725.4000244140625,691.7999877929688,719.5999755859375,714.6300048828125,39686200,714.6300048828125
2021-04-20,737.25,710.6900024414062,717.4199829101562,718.9899902,35609000,718.9899902
2021-04-21,744.8400268554688,698,704.7700195,744.1199951171875,31215500,744.1199951171875
2021-04-22,753.7700195,718.0399780273438,741.5,719.6900024414062,35590300,719.6900024414062
2021-04-23,737.3599853515625,715.4600219726562,719.7999877929688,729.4000244140625,28370000,729.4000244140625
2021-04-26,749.2999877929688,732.6099853515625,741,738.2000122070312,31038500,738.2000122070312
2021-04-27,724,703.3499755859375,717.9600219726562,704.7399902,29437000,704.7399902
2021-04-28,708.5,693.5999755859375,696.4099731445312,694.4000244140625,22271000,694.4000244140625
2021-04-29,702.25,668.5,699.5100098,677,28845400,677
2021-04-30,715.4699707,666.1400146484375,667.5900268554688,709.4400024414062,40758700,709.4400024414062
2021-05-03,706,680.5,703.7999877929688,684.9000244140625,27043100,684.9000244140625
2021-05-04,683.4500122070312,657.7000122070312,678.9400024414062,673.5999755859375,29739300,673.5999755859375
2021-05-05,685.2999877929688,667.3400268554688,681.0599975585938,670.9400024414062,21901900,670.9400024414062
2021-05-06,681.0200195,650,680.7600098,663.5399780273438,27784600,663.5399780273438
2021-05-07,690,660.2199707,665.7999877929688,672.3699951171875,23469200,672.3699951171875
2021-05-10,665.0499877929688,627.6099853515625,664.9000244140625,629.0399780273438,31392400,629.0399780273438
2021-05-11,627.0999755859375,595.5999755859375,599.2399902,617.2000122070312,46503900,617.2000122070312
2021-05-12,620.4099731445312,586.7700195,602.4899902,589.8900146484375,33823600,589.8900146484375
2021-05-13,606.4600219726562,559.6500244140625,601.5399780273438,571.6900024414062,44184900,571.6900024414062
2021-05-14,592.8699951171875,570.4600219726562,583.4099731445312,589.7399902,33370900,589.7399902
2021-05-17,589.7299805,561.2000122070312,575.5499877929688,576.8300170898438,32390400,576.8300170898438
2021-05-18,596.25,563.3800048828125,568,577.8699951171875,36830600,577.8699951171875
2021-05-19,566.2100219726562,546.9799805,552.5499877929688,563.4600219726562,39578400,563.4600219726562
2021-05-20,588.8499755859375,571.0700073242188,575,586.7800293,30821100,586.7800293
2021-05-21,596.6799926757812,580,596.1099853515625,580.8800048828125,26030600,580.8800048828125
2021-05-24,614.4799805,573.6500244140625,581.5999755859375,606.4400024414062,34558100,606.4400024414062
2021-05-25,613.9899902,595.7100219726562,607.3099975585938,604.6900024414062,28005900,604.6900024414062
2021-05-26,626.1699829101562,601.5,607.5599975585938,619.1300048828125,28639300,619.1300048828125
2021-05-27,631.1300048828125,616.2100219726562,620.2399902,630.8499755859375,26370600,630.8499755859375
2021-05-28,635.5900268554688,622.3800048828125,628.5,625.2199707,22737000,625.2199707
2021-06-01,633.7999877929688,620.5499877929688,627.7999877929688,623.9000244140625,18084900,623.9000244140625
2021-06-02,623.3599853515625,599.1400146484375,620.1300048828125,605.1199951171875,23302800,605.1199951171875
2021-06-03,604.5499877929688,571.2199707,601.7999877929688,572.8400268554688,30111900,572.8400268554688
2021-06-04,600.6099853515625,577.2000122070312,579.7100219726562,599.0499877929688,24036900,599.0499877929688
2021-06-07,610,582.8800048828125,591.8300170898438,605.1300048828125,22543700,605.1300048828125
2021-06-08,623.0900268554688,595.5,623.0100098,603.5900268554688,26053400,603.5900268554688
2021-06-09,611.7899780273438,597.6300048828125,602.1699829101562,598.7800293,16584600,598.7800293
2021-06-10,616.5900268554688,600.5,603.8800048828125,610.1199951171875,23919600,610.1199951171875
2021-06-11,612.5599975585938,601.5200195,610.2299805,609.8900146484375,16205300,609.8900146484375
2021-06-14,625.4899902,609.1799926757812,612.2299805,617.6900024414062,20424000,617.6900024414062
2021-06-15,616.7899780273438,598.2299805,616.6900024414062,599.3599853515625,17764100,599.3599853515625
2021-06-16,608.5,593.5,597.5399780273438,604.8699951171875,22144100,604.8699951171875
2021-06-17,621.4699707,601.3400268554688,601.8900146484375,616.5999755859375,22701400,616.5999755859375
2021-06-18,628.3499755859375,611.7999877929688,613.3699951171875,623.3099975585938,24560900,623.3099975585938
2021-06-21,631.3900146484375,608.8800048828125,624.4799805,620.8300170898438,24812700,620.8300170898438
2021-06-22,628.5700073242188,615.5,618.25,623.7100219726562,19158900,623.7100219726562
2021-06-23,657.2000122070312,630.0399780273438,632,656.5700073242188,31099200,656.5700073242188
2021-06-24,697.6199951171875,667.6099853515625,674.9899902,679.8200073242188,45982400,679.8200073242188
2021-06-25,693.8099975585938,668.7000122070312,689.5800170898438,671.8699951171875,32496700,671.8699951171875
2021-06-28,694.7000122070312,670.3200073242188,671.6400146484375,688.7199707,21628200,688.7199707
2021-06-29,687.5100098,675.8900146484375,684.6500244140625,680.7600098,17381300,680.7600098
2021-06-30,692.8099975585938,678.1400146484375,679.7700195,679.7000122070312,18924900,679.7000122070312
2021-07-01,687.9899902,672.7999877929688,683.9199829101562,677.9199829101562,18634500,677.9199829101562
2021-07-02,700,673.2600098,678.9799805,678.9000244140625,27054500,678.9000244140625
2021-07-06,684,651.4000244140625,681.7100219726562,659.5800170898438,23284500,659.5800170898438
2021-07-07,665.7000122070312,638.3200073242188,664.2700195,644.6500244140625,18792000,644.6500244140625
2021-07-08,654.4299926757812,620.4600219726562,628.3699951171875,652.8099975585938,22773300,652.8099975585938
2021-07-09,658.9099731445312,644.6900024414062,653.1799926757812,656.9500122070312,18140500,656.9500122070312
2021-07-12,687.2399902,662.1599731445312,662.2000122070312,685.7000122070312,25927000,685.7000122070312
2021-07-13,693.2800293,666.2999877929688,686.3200073242188,668.5399780273438,20966100,668.5399780273438
2021-07-14,678.6099853515625,652.8400268554688,670.75,653.3800048828125,21641200,653.3800048828125
2021-07-15,666.1400146484375,637.8800048828125,658.3900146484375,650.5999755859375,20209600,650.5999755859375
2021-07-16,656.7000122070312,642.2000122070312,654.6799926757812,644.2199707,16371000,644.2199707
2021-07-19,647.2000122070312,621.2899780273438,629.8900146484375,646.2199707,21297100,646.2199707
2021-07-20,662.3900146484375,640.5,651.9899902,660.5,15487100,660.5
2021-07-21,664.8599853515625,650.2899780273438,659.6099853515625,655.2899780273438,13953300,655.2899780273438
2021-07-22,662.1699829101562,644.5999755859375,656.4400024414062,649.2600098,15105700,649.2600098
2021-07-23,648.7999877929688,637.2999877929688,646.3599853515625,643.3800048828125,14604900,643.3800048828125
2021-07-26,668.2000122070312,647.1099853515625,650.9699707,657.6199951171875,25336600,657.6199951171875
2021-07-27,666.5,627.2399902,663.4000244140625,644.7800293,32813300,644.7800293
2021-07-28,654.9699707,639.4000244140625,647,646.9799805,16006600,646.9799805
2021-07-29,683.6900024414062,648.7999877929688,649.7899780273438,677.3499755859375,30394600,677.3499755859375
2021-07-30,697.5300293,669,671.7600098,687.2000122070312,29656400,687.2000122070312
2021-08-02,726.9400024414062,698.4000244140625,700,709.6699829101562,33615800,709.6699829101562
2021-08-03,722.6500244140625,701.0100098,719,709.7399902,21620300,709.7399902
2021-08-04,724.9000244140625,708.9299926757812,711,710.9199829101562,17002600,710.9199829101562
2021-08-05,720.9500122070312,711.4099731445312,716,714.6300048828125,12919600,714.6300048828125
2021-08-06,716.3300170898438,697.6300048828125,711.9000244140625,699.0999755859375,15623000,699.0999755859375
2021-08-09,719.0300293,705.1300048828125,710.1699829101562,713.7600098,14715300,713.7600098
2021-08-10,716.5900268554688,701.8800048828125,713.9899902,709.9899902,13432300,709.9899902
2021-08-11,715.1799926757812,704.2100219726562,712.7100219726562,707.8200073242188,9800600,707.8200073242188
2021-08-12,722.7999877929688,699.4000244140625,706.3400268554688,722.25,17459100,722.25
2021-08-13,729.9000244140625,714.3400268554688,723.7100219726562,717.1699829101562,16731500,717.1699829101562
2021-08-16,709.5,676.4000244140625,705.0700073242188,686.1699829101562,22677400,686.1699829101562
2021-08-17,674.5800170898438,648.8400268554688,672.6599731445312,665.7100219726562,23721300,665.7100219726562
2021-08-18,695.7700195,669.3499755859375,669.75,688.9899902,20349400,688.9899902
2021-08-19,686.5499877929688,667.5900268554688,678.2100219726562,673.4699707,14313500,673.4699707
2021-08-20,692.1300048828125,673.7000122070312,682.8499755859375,680.2600098,14841900,680.2600098
2021-08-23,712.1300048828125,680.75,685.4400024414062,706.2999877929688,20264900,706.2999877929688
2021-08-24,715.2199707,702.6400146484375,710.6799926757812,708.4899902,13083100,708.4899902
2021-08-25,716.9699707,704,707.0300293,711.2000122070312,12645600,711.2000122070312
2021-08-26,715.4000244140625,697.6199951171875,708.3099975585938,701.1599731445312,13214300,701.1599731445312
2021-08-27,715,702.0999755859375,705,711.9199829101562,13833800,711.9199829101562
2021-08-30,731,712.7299805,714.7199707,730.9099731445312,18604200,730.9099731445312
2021-08-31,740.3900146484375,726.4400024414062,733,735.7199707,20855400,735.7199707
2021-09-01,741.9899902,731.2700195,734.0800170898438,734.0900268554688,13204300,734.0900268554688
2021-09-02,740.9699707,730.5399780273438,734.5,732.3900146484375,12777300,732.3900146484375
2021-09-03,734,724.2000122070312,732.25,733.5700073242188,15246100,733.5700073242188
2021-09-07,760.2000122070312,739.2600098,740,752.9199829101562,20039800,752.9199829101562
2021-09-08,764.4500122070312,740.7700195,761.5800170898438,753.8699951171875,18793000,753.8699951171875
2021-09-09,762.0999755859375,751.6300048828125,753.4099731445312,754.8599853515625,14077700,754.8599853515625
2021-09-10,762.6099853515625,734.5200195,759.5999755859375,736.2700195,15184200,736.2700195
2021-09-13,744.7800293,708.8499755859375,740.2100219726562,743,22952500,743
2021-09-14,754.4699707,736.4000244140625,742.5700073242188,744.4899902,18524900,744.4899902
2021-09-15,756.8599853515625,738.3599853515625,745,755.8300170898438,15357700,755.8300170898438
2021-09-16,758.9099731445312,747.6099853515625,752.8300170898438,756.9899902,13923400,756.9899902
2021-09-17,761.0399780273438,750,757.1500244140625,759.4899902,28204200,759.4899902
2021-09-20,742,718.6199951171875,734.5599975585938,730.1699829101562,24757700,730.1699829101562
2021-09-21,744.7399902,730.4400024414062,734.7899780273438,739.3800048828125,16330700,739.3800048828125
2021-09-22,753.6699829101562,739.1199951171875,743.5300293,751.9400024414062,15126300,751.9400024414062
2021-09-23,758.2000122070312,747.9199829101562,755,753.6400146484375,11947500,753.6400146484375
2021-09-24,774.7999877929688,744.5599975585938,745.8900146484375,774.3900146484375,21373000,774.3900146484375
2021-09-27,799,769.3099975585938,773.1199951171875,791.3599853515625,28070700,791.3599853515625
2021-09-28,795.6400146484375,766.1799926757812,787.2000122070312,777.5599975585938,25381400,777.5599975585938
2021-09-29,793.5,770.6799926757812,779.7999877929688,781.3099975585938,20942900,781.3099975585938
2021-09-30,789.1300048828125,775,781,775.4799805,17956000,775.4799805
2021-10-01,780.7800293,763.5900268554688,778.4000244140625,775.2199707,17031400,775.2199707
2021-10-04,806.9699707,776.1199951171875,796.5,781.5300293,30483300,781.5300293
2021-10-05,797.3099975585938,774.2000122070312,784.7999877929688,780.5900268554688,18432600,780.5900268554688
2021-10-06,786.6599731445312,773.2199707,776.2000122070312,782.75,14632800,782.75
2021-10-07,805,783.3800048828125,785.4600219726562,793.6099853515625,19195800,793.6099853515625
2021-10-08,796.3800048828125,780.9099731445312,796.2100219726562,785.4899902,16738600,785.4899902
2021-10-11,801.2399902,785.5,787.6500244140625,791.9400024414062,14200300,791.9400024414062
2021-10-12,812.3200073242188,796.5700073242188,800.9299926757812,805.7199707,22020000,805.7199707
2021-10-13,815.4099731445312,805.7800293,810.4699707,811.0800170898438,14120100,811.0800170898438
2021-10-14,820.25,813.3499755859375,815.4899902,818.3200073242188,12247200,818.3200073242188
2021-10-15,843.2100219726562,822.3499755859375,823.7399902,843.0300293,18924600,843.0300293
2021-10-18,875.2600098,851.4699707,851.7899780273438,870.1099853515625,24207200,870.1099853515625
2021-10-19,877.9500122070312,862.5100098,877.5300293,864.2700195,17381100,864.2700195
2021-10-20,869.4899902,857.3800048828125,865.3499755859375,865.7999877929688,14032100,865.7999877929688
2021-10-21,900,855.5,856,894,31481500,894
2021-10-22,910,890.9600219726562,895.5,909.6799926757812,22880800,909.6799926757812
2021-10-25,1045.02002,944.2000122070312,950.5300293,1024.8599853515625,62852100,1024.8599853515625
2021-10-26,1094.939941,1001.4400024414062,1024.689941,1018.4299926757812,62415000,1018.4299926757812
2021-10-27,1070.8800048828125,1030.780029296875,1039.6600341796875,1037.8599853515625,38526500,1037.8599853515625
2021-10-28,1081,1054.199951171875,1068.310059,1077.040039,27213200,1077.040039
2021-10-29,1115.209961,1073.209961,1081.8599853515625,1114,29918400,1114
2021-11-01,1209.75,1118.6600341796875,1145,1208.5899658203125,56048700,1208.5899658203125
2021-11-02,1208.5899658203125,1146,1159.3599853515625,1172,42737800,1172
2021-11-03,1215.3900146484375,1152.6199951171875,1177.3299560546875,1213.8599853515625,34628500,1213.8599853515625
2021-11-04,1243.489990234375,1217,1234.4100341796875,1229.9100341796875,25397400,1229.9100341796875
2021-11-05,1239.8699951171875,1208,1228,1222.0899658203125,21628800,1222.0899658203125
2021-11-08,1197,1133,1149.790039,1162.939941,33445700,1162.939941
2021-11-09,1174.5,1011.52002,1173.5999755859375,1023.5,59105800,1023.5
2021-11-10,1078.0999755859375,987.3099975585938,1010.4099731445312,1067.949951171875,42802700,1067.949951171875
2021-11-11,1104.969970703125,1054.6800537109375,1102.77002,1063.510009765625,22396600,1063.510009765625
2021-11-12,1054.5,1019.2000122070312,1047.5,1033.4200439453125,25573100,1033.4200439453125
2021-11-15,1031.97998,978.5999755859375,1017.6300048828125,1013.3900146484375,34775600,1013.3900146484375
2021-11-16,1057.199951171875,1002.1799926757812,1003.3099975585938,1054.72998,26542400,1054.72998
2021-11-17,1119.6400146484375,1055.5,1063.510009765625,1089.010009765625,31445400,1089.010009765625
2021-11-18,1112,1075.02002,1106.550048828125,1096.3800048828125,20898900,1096.3800048828125
2021-11-19,1138.719970703125,1092.699951171875,1098.8699951171875,1137.060059,21642300,1137.060059
2021-11-22,1201.949951171875,1132.4300537109375,1162.3299560546875,1156.8699951171875,33072500,1156.8699951171875
2021-11-23,1180.5,1062.699951171875,1167.510009765625,1109.030029296875,36171700,1109.030029296875
2021-11-24,1132.77002,1062,1080.3900146484375,1116,22560200,1116
2021-11-26,1108.780029296875,1081,1099.469970703125,1081.9200439453125,11680900,1081.9200439453125
2021-11-29,1142.6700439453125,1100.189941,1100.989990234375,1136.989990234375,19464500,1136.989990234375
2021-11-30,1168,1118,1144.3699951171875,1144.760009765625,27092000,1144.760009765625
2021-12-01,1172.8399658203125,1090.760009765625,1160.699951171875,1095,22816800,1095
2021-12-02,1113,1056.6500244140625,1099.060059,1084.5999755859375,24371600,1084.5999755859375
2021-12-03,1090.5799560546875,1000.2100219726562,1084.790039,1014.969970703125,30774000,1014.969970703125
2021-12-06,1021.6400146484375,950.5,1001.510009765625,1009.010009765625,27221000,1009.010009765625
2021-12-07,1057.6700439453125,1026.810059,1044.199951171875,1051.75,18694900,1051.75
2021-12-08,1072.3800048828125,1033,1052.709961,1068.959961,13968800,1068.959961
2021-12-09,1062.489990234375,1002.3599853515625,1060.6400146484375,1003.7999877929688,19812800,1003.7999877929688
2021-12-10,1020.97998,982.5300293,1008.75,1017.030029296875,19888100,1017.030029296875
2021-12-13,1005,951.4199829101562,1001.0900268554688,966.4099731445312,26198500,966.4099731445312
2021-12-14,966.4099731445312,930,945,958.5100098,23602100,958.5100098
2021-12-15,978.75,928.25,953.2100219726562,975.9899902,25056400,975.9899902
2021-12-16,994.9799805,921.8499755859375,994.5,926.9199829101562,27590500,926.9199829101562
2021-12-17,960.6599731445312,909.0399780273438,914.7700195,932.5700073242188,33479100,932.5700073242188
2021-12-20,921.6900024414062,893.3900146484375,910.7000122070312,899.9400024414062,18826700,899.9400024414062
2021-12-21,939.5,886.1199951171875,916.8699951171875,938.5300293,23839300,938.5300293
2021-12-22,1015.6599731445312,957.0499877929688,965.6599731445312,1008.8699951171875,31211400,1008.8699951171875
2021-12-23,1072.97998,997.5599975585938,1006.7999877929688,1067,30904400,1067
2021-12-27,1117,1070.719970703125,1073.6700439453125,1093.939941,23715300,1093.939941
2021-12-28,1119,1078.4200439453125,1109.489990234375,1088.469970703125,20108000,1088.469970703125
2021-12-29,1104,1064.1400146484375,1098.6400146484375,1086.189941,18718000,1086.189941
2021-12-30,1095.550048828125,1053.1500244140625,1061.3299560546875,1070.3399658203125,15680300,1070.3399658203125
2021-12-31,1082,1054.5899658203125,1073.439941,1056.780029296875,13577900,1056.780029296875
2022-01-03,1201.0699462890625,1136.040039,1147.75,1199.780029296875,34643800,1199.780029296875
2022-01-04,1208,1123.050048828125,1189.550048828125,1149.5899658203125,33416100,1149.5899658203125
2022-01-05,1170.3399658203125,1081.010009765625,1146.6500244140625,1088.1199951171875,26706600,1088.1199951171875
2022-01-06,1088,1020.5,1077,1064.699951171875,30112200,1064.699951171875
2022-01-07,1080.9300537109375,1010,1080.3699951171875,1026.959961,28054900,1026.959961
2022-01-10,1059.0999755859375,980,1000,1058.1199951171875,30605000,1058.1199951171875
2022-01-11,1075.8499755859375,1038.8199462890625,1053.6700439453125,1064.4000244140625,22021100,1064.4000244140625
2022-01-12,1114.8399658203125,1072.5899658203125,1078.8499755859375,1106.219970703125,27913000,1106.219970703125
2022-01-13,1115.5999755859375,1026.540039,1109.0699462890625,1031.560059,32403300,1031.560059
2022-01-14,1052,1013.3800048828125,1019.8800048828125,1049.6099853515625,24308100,1049.6099853515625
2022-01-18,1070.790039,1016.0599975585938,1026.6099853515625,1030.510009765625,22247800,1030.510009765625
2022-01-19,1054.6700439453125,995,1041.709961,995.6500244140625,25147500,995.6500244140625
2022-01-20,1041.6600341796875,994,1009.72998,996.2700195,23496200,996.2700195
2022-01-21,1004.5499877929688,940.5,996.3400268554688,943.9000244140625,34472000,943.9000244140625
2022-01-24,933.5100098,851.4699707,904.7600098,930,50521900,930
2022-01-25,951.2600098,903.2100219726562,914.2000122070312,918.4000244140625,28865300,918.4000244140625
2022-01-26,987.6900024414062,906,952.4299926757812,937.4099731445312,34955800,937.4099731445312
2022-01-27,935.3900146484375,829,933.3599853515625,829.0999755859375,49036500,829.0999755859375
2022-01-28,857.5,792.0100098,831.5599975585938,846.3499755859375,44929700,846.3499755859375
2022-01-31,937.9899902,862.0499877929688,872.7100219726562,936.7199707,34812000,936.7199707
2022-02-01,943.7000122070312,905,935.2100219726562,931.25,24379400,931.25
2022-02-02,931.5,889.4099731445312,928.1799926757812,905.6599731445312,22264300,905.6599731445312
2022-02-03,937,880.5200195,882,891.1400146484375,26285200,891.1400146484375
2022-02-04,936.5,881.1699829101562,897.2199707,923.3200073242188,24541800,923.3200073242188
2022-02-07,947.7700195,902.7100219726562,923.7899780273438,907.3400268554688,20331500,907.3400268554688
2022-02-08,926.2899780273438,894.7999877929688,905.5300293,922,16909700,922
2022-02-09,946.2700195,920,935,932,17419800,932
2022-02-10,943.8099975585938,896.7000122070312,908.3699951171875,904.5499877929688,22042300,904.5499877929688
2022-02-11,915.9600219726562,850.7000122070312,909.6300048828125,860,26548600,860
2022-02-14,898.8800048828125,853.1500244140625,861.5700073242188,875.7600098,22585500,875.7600098
2022-02-15,923,893.3800048828125,900,922.4299926757812,19095400,922.4299926757812
2022-02-16,926.4299926757812,901.2100219726562,914.0499877929688,923.3900146484375,17098100,923.3900146484375
2022-02-17,918.5,874.0999755859375,913.2600098,876.3499755859375,18392800,876.3499755859375
2022-02-18,886.8699951171875,837.6099853515625,886,856.9799805,22833900,856.9799805
2022-02-22,856.7299805,801.0999755859375,834.1300048828125,821.5300293,27762700,821.5300293
2022-02-23,835.2999877929688,760.5599975585938,830.4299926757812,764.0399780273438,31752300,764.0399780273438
2022-02-24,802.4799805,700,700.3900146484375,800.7700195,45107400,800.7700195
2022-02-25,819.5,782.4000244140625,809.2299805,809.8699951171875,25355900,809.8699951171875
2022-02-28,876.8599853515625,814.7100219726562,815.0100098,870.4299926757812,33002300,870.4299926757812
2022-03-01,889.8800048828125,853.7800293,869.6799926757812,864.3699951171875,24922300,864.3699951171875
2022-03-02,886.4799805,844.2700195,872.1300048828125,879.8900146484375,24881100,879.8900146484375
2022-03-03,886.4400024414062,832.5999755859375,878.7700195,839.2899780273438,20541200,839.2899780273438
2022-03-04,855.6500244140625,825.1599731445312,849.0999755859375,838.2899780273438,22333200,838.2899780273438
2022-03-07,866.1400146484375,804.5700073242188,856.2999877929688,804.5800170898438,24164700,804.5800170898438
2022-03-08,849.9899902,782.1699829101562,795.5300293,824.4000244140625,26799700,824.4000244140625
2022-03-09,860.5599975585938,832.0100098,839.4799805,858.9699707,19728000,858.9699707
2022-03-10,854.4500122070312,810.3599853515625,851.4500122070312,838.2999877929688,19549500,838.2999877929688
2022-03-11,843.7999877929688,793.7700195,840.2000122070312,795.3499755859375,22345700,795.3499755859375
2022-03-14,800.7000122070312,756.0399780273438,780.6099853515625,766.3699951171875,23717400,766.3699951171875
2022-03-15,805.5700073242188,756.5700073242188,775.2700195,801.8900146484375,22280400,801.8900146484375
2022-03-16,842,802.2600098,809,840.2299805,28009600,840.2299805
2022-03-17,875,825.7199707,830.9899902,871.5999755859375,22194300,871.5999755859375
2022-03-18,907.8499755859375,867.3900146484375,874.4899902,905.3900146484375,33471400,905.3900146484375
2022-03-21,942.8499755859375,907.0900268554688,914.9799805,921.1599731445312,27327200,921.1599731445312
2022-03-22,997.8599853515625,921.75,930,993.9799805,35289500,993.9799805
2022-03-23,1040.699951171875,976.4000244140625,979.9400024414062,999.1099853515625,40225400,999.1099853515625
2022-03-24,1024.489990234375,988.7999877929688,1009.72998,1013.9199829101562,22973600,1013.9199829101562
2022-03-25,1021.7999877929688,997.3200073242188,1008,1010.6400146484375,20677200,1010.6400146484375
2022-03-28,1097.8800048828125,1053.5999755859375,1065.0999755859375,1091.8399658203125,34168700,1091.8399658203125
2022-03-29,1114.77002,1073.1099853515625,1107.989990234375,1099.5699462890625,24538300,1099.5699462890625
2022-03-30,1113.949951171875,1084,1091.1700439453125,1093.989990234375,19955000,1093.989990234375
2022-03-31,1103.1400146484375,1076.6400146484375,1094.5699462890625,1077.5999755859375,16330900,1077.5999755859375
2022-04-01,1094.75,1066.6400146484375,1081.1500244140625,1084.5899658203125,18012900,1084.5899658203125
2022-04-04,1149.9100341796875,1072.530029296875,1089.3800048828125,1145.449951171875,27345300,1145.449951171875
2022-04-05,1152.8699951171875,1087.300048828125,1136.300048828125,1091.260009765625,26691700,1091.260009765625
2022-04-06,1079,1027.699951171875,1073.469970703125,1045.760009765625,29782800,1045.760009765625
2022-04-07,1076.5899658203125,1021.5399780273438,1052.3900146484375,1057.260009765625,26482400,1057.260009765625
2022-04-08,1048.439941,1022.4400024414062,1043.209961,1025.489990234375,18293300,1025.489990234375
2022-04-11,1008.469970703125,974.6400146484375,980.4000244140625,975.9299926757812,19660500,975.9299926757812
