kind,price,pivot_bar,pivot_time,confirmed_bar,confirmed_at,delay_bars,basis,method,threshold_price,prominence_price,atr_at_pivot
high,52.39400100708008,14,2019-10-17T00:00:00,19,2019-10-24T00:00:00,5,close,prominence,1.5718200302124024,1.694000244140625,
low,50.70000076293945,16,2019-10-21T00:00:00,21,2019-10-28T00:00:00,5,close,prominence,1.5210000228881837,1.694000244140625,
high,65.62599945,20,2019-10-25T00:00:00,25,2019-11-01T00:00:00,5,close,prominence,1.9687799835,2.9640006999999926,
low,62.66199875,25,2019-11-01T00:00:00,30,2019-11-08T00:00:00,5,close,prominence,1.8798599625,2.9640006999999926,
high,71.90399932861328,37,2019-11-19T00:00:00,42,2019-11-26T00:00:00,5,close,prominence,2.1571199798583987,2.6819992065429688,
high,86.18800354003906,62,2019-12-26T00:00:00,67,2020-01-03T00:00:00,5,close,prominence,2.585640106201172,3.2480010986328125,
low,82.94000244140625,64,2019-12-30T00:00:00,69,2020-01-07T00:00:00,5,close,prominence,2.4882000732421874,3.2480010986328125,
high,107.58399963378906,74,2020-01-14T00:00:00,79,2020-01-22T00:00:00,5,close,prominence,3.227519989013672,5.484001159667969,
low,102.0999984741211,77,2020-01-17T00:00:00,82,2020-01-27T00:00:00,5,close,prominence,3.062999954223633,5.484001159667969,
high,177.41200256347656,88,2020-02-04T00:00:00,93,2020-02-11T00:00:00,5,close,prominence,5.322360076904297,30.472000122070312,
low,146.94000244140625,89,2020-02-05T00:00:00,94,2020-02-12T00:00:00,5,close,prominence,4.408200073242187,7.936004638671875,
high,183.48399353027344,98,2020-02-19T00:00:00,103,2020-02-26T00:00:00,5,close,prominence,5.5045198059082034,27.7239990234375,
low,133.59800720214844,105,2020-02-28T00:00:00,110,2020-03-06T00:00:00,5,close,prominence,4.007940216064453,16.301986694335938,
high,149.89999389648438,108,2020-03-04T00:00:00,113,2020-03-11T00:00:00,5,close,prominence,4.496999816894531,16.301986694335938,
low,121.5999984741211,111,2020-03-09T00:00:00,116,2020-03-16T00:00:00,5,close,prominence,3.647999954223633,7.465995788574219,
high,129.0659942626953,112,2020-03-10T00:00:00,117,2020-03-17T00:00:00,5,close,prominence,3.8719798278808595,7.465995788574219,
low,72.24400329589844,118,2020-03-18T00:00:00,123,2020-03-25T00:00:00,5,close,prominence,2.167320098876953,35.605995178222656,
high,107.8499984741211,123,2020-03-25T00:00:00,128,2020-04-01T00:00:00,5,close,prominence,3.235499954223633,11.538002014160156,
low,100.4260025024414,126,2020-03-30T00:00:00,131,2020-04-06T00:00:00,5,close,prominence,3.012780075073242,4.374000549316406,
high,104.80000305175781,127,2020-03-31T00:00:00,132,2020-04-07T00:00:00,5,close,prominence,3.1440000915527344,4.374000549316406,
low,90.89399719238281,129,2020-04-02T00:00:00,134,2020-04-09T00:00:00,5,close,prominence,2.7268199157714843,14.738006591796875,
high,150.7779998779297,139,2020-04-17T00:00:00,144,2020-04-24T00:00:00,5,close,prominence,4.52333999633789,13.434005777929684,
low,137.3439941,141,2020-04-21T00:00:00,146,2020-04-28T00:00:00,5,close,prominence,4.120319823,13.434005777929684,
high,146.4219970703125,142,2020-04-22T00:00:00,147,2020-04-29T00:00:00,5,close,prominence,4.392659912109375,5.295989990234375,
high,159.75,145,2020-04-27T00:00:00,150,2020-05-04T00:00:00,5,close,prominence,4.7925,5.925994873046875,
low,153.82400512695312,146,2020-04-28T00:00:00,151,2020-05-05T00:00:00,5,close,prominence,4.614720153808594,5.925994873046875,
low,140.26400756835938,149,2020-05-01T00:00:00,154,2020-05-08T00:00:00,5,close,prominence,4.207920227050781,19.837997436523438,
high,163.88400268554688,154,2020-05-08T00:00:00,159,2020-05-15T00:00:00,5,close,prominence,4.916520080566406,5.6920013427734375,
low,158.19200134277344,157,2020-05-13T00:00:00,162,2020-05-20T00:00:00,5,close,prominence,4.745760040283203,4.9199981689453125,
high,179.6199951171875,169,2020-06-01T00:00:00,174,2020-06-08T00:00:00,5,close,prominence,5.388599853515625,6.743988037109375,
low,172.87600708007812,172,2020-06-04T00:00:00,177,2020-06-11T00:00:00,5,close,prominence,5.186280212402344,6.743988037109375,
high,205.00999450683594,176,2020-06-10T00:00:00,181,2020-06-17T00:00:00,5,close,prominence,6.150299835205078,17.953994750976562,
low,187.05599975585938,178,2020-06-12T00:00:00,183,2020-06-19T00:00:00,5,close,prominence,5.611679992675781,13.736007690429688,
high,200.79200744628906,182,2020-06-18T00:00:00,187,2020-06-25T00:00:00,5,close,prominence,6.023760223388672,8.62200927734375,
low,191.947998,188,2020-06-26T00:00:00,193,2020-07-06T00:00:00,5,close,prominence,5.758439940000001,8.408004807617175,
high,308.92999267578125,197,2020-07-10T00:00:00,202,2020-07-17T00:00:00,5,close,prominence,9.267899780273437,9.51800537109375,
low,299.4119873046875,198,2020-07-13T00:00:00,203,2020-07-20T00:00:00,5,close,prominence,8.982359619140626,9.51800537109375,
low,300.12799072265625,201,2020-07-16T00:00:00,206,2020-07-23T00:00:00,5,close,prominence,9.003839721679688,9.074005126953125,
high,328.6000061035156,203,2020-07-20T00:00:00,208,2020-07-27T00:00:00,5,close,prominence,9.858000183105469,29.188018798828125,
low,283.3999938964844,207,2020-07-24T00:00:00,212,2020-07-31T00:00:00,5,close,prominence,8.501999816894532,24.52001953125,
high,307.9200134277344,208,2020-07-27T00:00:00,213,2020-08-03T00:00:00,5,close,prominence,9.237600402832031,21.76800537109375,
low,286.1520080566406,212,2020-07-31T00:00:00,217,2020-08-07T00:00:00,5,close,prominence,8.584560241699219,11.76397705078125,
high,297.9159851074219,216,2020-08-06T00:00:00,221,2020-08-13T00:00:00,5,close,prominence,8.937479553222657,11.76397705078125,
low,274.87799072265625,219,2020-08-11T00:00:00,224,2020-08-18T00:00:00,5,close,prominence,8.246339721679687,23.037994384765625,
high,498.32000732421875,233,2020-08-31T00:00:00,238,2020-09-08T00:00:00,5,close,prominence,14.949600219726562,95.48001098632812,
low,330.2099914550781,238,2020-09-08T00:00:00,243,2020-09-15T00:00:00,5,close,prominence,9.906299743652344,119.55001834492185,
high,449.7600098,243,2020-09-15T00:00:00,248,2020-09-22T00:00:00,5,close,prominence,13.492800293999998,26.330017124218728,
low,423.42999267578125,245,2020-09-17T00:00:00,250,2020-09-24T00:00:00,5,close,prominence,12.702899780273437,25.96002197265625,
high,449.3900146484375,247,2020-09-21T00:00:00,252,2020-09-28T00:00:00,5,close,prominence,13.481700439453125,25.96002197265625,
low,380.3599853515625,249,2020-09-23T00:00:00,254,2020-09-30T00:00:00,5,close,prominence,11.410799560546875,48.65002444843748,
high,448.1600036621094,255,2020-10-01T00:00:00,260,2020-10-08T00:00:00,5,close,prominence,13.444800109863282,34.17999267578125,
low,413.9800109863281,258,2020-10-06T00:00:00,263,2020-10-13T00:00:00,5,close,prominence,12.419400329589843,32.66998291015625,
high,461.29998779296875,264,2020-10-14T00:00:00,269,2020-10-21T00:00:00,5,close,prominence,13.838999633789063,36.0,
low,388.0400085449219,276,2020-10-30T00:00:00,281,2020-11-06T00:00:00,5,close,prominence,11.641200256347656,36.639984130859375,
high,438.0899963378906,280,2020-11-05T00:00:00,285,2020-11-12T00:00:00,5,close,prominence,13.142699890136718,27.730010986328125,
low,408.0899963378906,287,2020-11-16T00:00:00,292,2020-11-23T00:00:00,5,close,prominence,12.242699890136718,13.170013462109353,
high,585.7600098,295,2020-11-27T00:00:00,300,2020-12-04T00:00:00,5,close,prominence,17.572800294,18.160034214062534,
low,567.5999755859375,296,2020-11-30T00:00:00,301,2020-12-07T00:00:00,5,close,prominence,17.027999267578124,18.160034214062534,
high,649.8800048828125,302,2020-12-08T00:00:00,307,2020-12-15T00:00:00,5,close,prominence,19.496400146484376,45.40002438281249,
low,604.4799805,303,2020-12-09T00:00:00,308,2020-12-16T00:00:00,5,close,prominence,18.134399415,35.35003658984374,
high,695.0,310,2020-12-18T00:00:00,315,2020-12-28T00:00:00,5,close,prominence,20.85,54.65997314453125,
low,640.3400268554688,312,2020-12-22T00:00:00,317,2020-12-30T00:00:00,5,close,prominence,19.210200805664062,54.440002444531274,
high,880.0200195,323,2021-01-08T00:00:00,328,2021-01-15T00:00:00,5,close,prominence,26.400600585000003,68.83001705859374,
low,811.1900024414062,324,2021-01-11T00:00:00,329,2021-01-19T00:00:00,5,close,prominence,24.335700073242187,43.219970703125,
high,854.4099731445312,326,2021-01-13T00:00:00,331,2021-01-21T00:00:00,5,close,prominence,25.63229919433594,28.25,
low,826.1599731445312,328,2021-01-15T00:00:00,333,2021-01-25T00:00:00,5,close,prominence,24.78479919433594,28.25,
high,883.0900268554688,334,2021-01-26T00:00:00,339,2021-02-02T00:00:00,5,close,prominence,26.49270080566406,38.5400390625,
low,793.5300293,337,2021-01-29T00:00:00,342,2021-02-05T00:00:00,5,close,prominence,23.805900879,79.25994872734373,
low,698.8400268554688,353,2021-02-23T00:00:00,358,2021-03-02T00:00:00,5,close,prominence,20.96520080566406,43.17999264453124,
high,742.0200195,354,2021-02-24T00:00:00,359,2021-03-03T00:00:00,5,close,prominence,22.260600585000002,43.17999264453124,
low,675.5,356,2021-02-26T00:00:00,361,2021-03-05T00:00:00,5,close,prominence,20.265,42.92999267578125,
high,718.4299926757812,357,2021-03-01T00:00:00,362,2021-03-08T00:00:00,5,close,prominence,21.55289978027344,42.92999267578125,
low,563.0,362,2021-03-08T00:00:00,367,2021-03-15T00:00:00,5,close,prominence,16.89,144.94000244140625,
high,707.9400024414062,367,2021-03-15T00:00:00,372,2021-03-22T00:00:00,5,close,prominence,21.238200073242187,54.780029296875,
low,676.8800048828125,368,2021-03-16T00:00:00,373,2021-03-23T00:00:00,5,close,prominence,20.306400146484375,24.92999267578125,
low,611.2899780273438,377,2021-03-29T00:00:00,382,2021-04-06T00:00:00,5,close,prominence,18.338699340820312,58.71002197265625,
low,670.9699707,383,2021-04-07T00:00:00,388,2021-04-14T00:00:00,5,close,prominence,20.129099121,20.650024417187524,
high,762.3200073242188,387,2021-04-13T00:00:00,392,2021-04-20T00:00:00,5,close,prominence,22.869600219726564,47.69000244140625,
low,714.6300048828125,391,2021-04-19T00:00:00,396,2021-04-26T00:00:00,5,close,prominence,21.438900146484375,29.489990234375,
high,744.1199951171875,393,2021-04-21T00:00:00,398,2021-04-28T00:00:00,5,close,prominence,22.323599853515624,29.489990234375,
low,677.0,399,2021-04-29T00:00:00,404,2021-05-06T00:00:00,5,close,prominence,20.31,32.44000244140625,
high,709.4400024414062,400,2021-04-30T00:00:00,405,2021-05-07T00:00:00,5,close,prominence,21.283200073242188,32.44000244140625,
low,571.6900024414062,409,2021-05-13T00:00:00,414,2021-05-20T00:00:00,5,close,prominence,17.150700073242188,18.049987758593716,
high,589.7399902,410,2021-05-14T00:00:00,415,2021-05-21T00:00:00,5,close,prominence,17.692199706,18.049987758593716,
low,563.4600219726562,413,2021-05-19T00:00:00,418,2021-05-26T00:00:00,5,close,prominence,16.903800659179687,26.42999267578125,
high,630.8499755859375,419,2021-05-27T00:00:00,424,2021-06-04T00:00:00,5,close,prominence,18.925499267578125,49.969970703125,
low,572.8400268554688,423,2021-06-03T00:00:00,428,2021-06-10T00:00:00,5,close,prominence,17.185200805664063,37.27996826171875,
low,599.3599853515625,431,2021-06-15T00:00:00,436,2021-06-22T00:00:00,5,close,prominence,17.980799560546874,18.33001708984375,
high,688.7199707,440,2021-06-28T00:00:00,445,2021-07-06T00:00:00,5,close,prominence,20.661599121,29.139953610156226,
low,644.6500244140625,446,2021-07-07T00:00:00,451,2021-07-14T00:00:00,5,close,prominence,19.339500732421875,36.109985385937534,
high,685.7000122070312,449,2021-07-12T00:00:00,454,2021-07-19T00:00:00,5,close,prominence,20.57100036621094,41.04998779296875,
high,722.25,472,2021-08-12T00:00:00,477,2021-08-19T00:00:00,5,close,prominence,21.6675,23.1500244140625,
low,665.7100219726562,475,2021-08-17T00:00:00,480,2021-08-24T00:00:00,5,close,prominence,19.971300659179686,42.779968227343716,
high,759.4899902,497,2021-09-17T00:00:00,502,2021-09-24T00:00:00,5,close,prominence,22.784699706,23.219970699999976,
low,730.1699829101562,498,2021-09-20T00:00:00,503,2021-09-27T00:00:00,5,close,prominence,21.90509948730469,29.320007289843716,
high,1208.5899658203125,528,2021-11-01T00:00:00,533,2021-11-08T00:00:00,5,close,prominence,36.257698974609376,36.5899658203125,
low,1172.0,529,2021-11-02T00:00:00,534,2021-11-09T00:00:00,5,close,prominence,35.16,36.5899658203125,
high,1229.9100341796875,531,2021-11-04T00:00:00,536,2021-11-11T00:00:00,5,close,prominence,36.897301025390625,152.86999517968752,
low,1023.5,534,2021-11-09T00:00:00,539,2021-11-16T00:00:00,5,close,prominence,30.705,44.449951171875,
high,1067.949951171875,535,2021-11-10T00:00:00,540,2021-11-17T00:00:00,5,close,prominence,32.03849853515625,44.449951171875,
low,1013.3900146484375,538,2021-11-15T00:00:00,543,2021-11-22T00:00:00,5,close,prominence,30.401700439453126,143.47998046875,
high,1156.8699951171875,543,2021-11-22T00:00:00,548,2021-11-30T00:00:00,5,close,prominence,34.706099853515624,74.949951171875,
low,1081.9200439453125,546,2021-11-26T00:00:00,551,2021-12-03T00:00:00,5,close,prominence,32.45760131835937,62.8399658203125,
high,1144.760009765625,548,2021-11-30T00:00:00,553,2021-12-07T00:00:00,5,close,prominence,34.34280029296875,62.8399658203125,
low,1009.010009765625,552,2021-12-06T00:00:00,557,2021-12-13T00:00:00,5,close,prominence,30.27030029296875,59.94995123437502,
high,1068.959961,554,2021-12-08T00:00:00,559,2021-12-15T00:00:00,5,close,prominence,32.06879883,59.94995123437502,
low,899.9400024414062,562,2021-12-20T00:00:00,567,2021-12-28T00:00:00,5,close,prominence,26.998200073242188,76.04998775859372,
high,1093.939941,566,2021-12-27T00:00:00,571,2022-01-03T00:00:00,5,close,prominence,32.81819823,37.15991170312509,
low,1056.780029296875,570,2021-12-31T00:00:00,575,2022-01-07T00:00:00,5,close,prominence,31.70340087890625,37.15991170312509,
high,1199.780029296875,571,2022-01-03T00:00:00,576,2022-01-10T00:00:00,5,close,prominence,35.99340087890625,143.0,
low,1026.959961,575,2022-01-07T00:00:00,580,2022-01-14T00:00:00,5,close,prominence,30.80879883,79.26000970312498,
high,1106.219970703125,578,2022-01-12T00:00:00,583,2022-01-20T00:00:00,5,close,prominence,33.18659912109375,79.26000970312498,
low,829.0999755859375,588,2022-01-27T00:00:00,593,2022-02-03T00:00:00,5,close,prominence,24.872999267578123,107.61999511406248,
high,936.7199707,590,2022-01-31T00:00:00,595,2022-02-07T00:00:00,5,close,prominence,28.101599121,45.579956051562476,
low,891.1400146484375,593,2022-02-03T00:00:00,598,2022-02-10T00:00:00,5,close,prominence,26.734200439453126,40.8599853515625,
high,932.0,597,2022-02-09T00:00:00,602,2022-02-16T00:00:00,5,close,prominence,27.96,40.8599853515625,
low,860.0,599,2022-02-11T00:00:00,604,2022-02-18T00:00:00,5,close,prominence,25.8,63.3900146484375,
high,923.3900146484375,602,2022-02-16T00:00:00,607,2022-02-24T00:00:00,5,close,prominence,27.701700439453123,63.3900146484375,
low,764.0399780273438,606,2022-02-23T00:00:00,611,2022-03-02T00:00:00,5,close,prominence,22.921199340820312,115.85003662109375,
high,879.8900146484375,611,2022-03-02T00:00:00,616,2022-03-09T00:00:00,5,close,prominence,26.396700439453124,75.30999755859375,
low,804.5800170898438,614,2022-03-07T00:00:00,619,2022-03-14T00:00:00,5,close,prominence,24.13740051269531,54.389953610156226,
high,858.9699707,616,2022-03-09T00:00:00,621,2022-03-16T00:00:00,5,close,prominence,25.769099121,54.389953610156226,
low,766.3699951171875,619,2022-03-14T00:00:00,624,2022-03-21T00:00:00,5,close,prominence,22.991099853515625,92.59997558281248,
high,1145.449951171875,634,2022-04-04T00:00:00,639,2022-04-11T00:00:00,5,close,prominence,34.36349853515625,67.8499755859375,
