bar,timestamp,close,realized_net_pnl,unrealized_net_pnl,equity,drawdown_percent,open_trade_id
1,2023-05-19T09:16:00,347.1,0.0,0.0,10000.0,0.0,
2,2023-05-19T09:17:00,358.85,0.0,0.0,10000.0,0.0,
3,2023-05-19T09:18:00,369.0,0.0,0.0,10000.0,0.0,
4,2023-05-19T09:19:00,366.3,0.0,0.0,10000.0,0.0,
5,2023-05-19T09:20:00,357.65,0.0,0.0,10000.0,0.0,
6,2023-05-19T09:21:00,378.9,0.0,0.0,10000.0,0.0,
7,2023-05-19T09:22:00,359.45,0.0,0.0,10000.0,0.0,
8,2023-05-19T09:23:00,357.1,0.0,0.0,10000.0,0.0,
9,2023-05-19T09:24:00,362.35,0.0,0.0,10000.0,0.0,
10,2023-05-19T09:25:00,348.15,0.0,0.0,10000.0,0.0,
11,2023-05-19T09:26:00,342.6,0.0,0.0,10000.0,0.0,
12,2023-05-19T09:27:00,344.15,0.0,0.0,10000.0,0.0,
13,2023-05-19T09:28:00,336.2,0.0,0.0,10000.0,0.0,
14,2023-05-19T09:29:00,341.7,0.0,0.0,10000.0,0.0,
15,2023-05-19T09:30:00,343.65,0.0,0.0,10000.0,0.0,T0001
16,2023-05-19T09:31:00,354.65,0.0,11.0,10011.0,0.0,T0001
17,2023-05-19T09:32:00,358.6,0.0,14.950000000000045,10014.95,0.0,T0001
18,2023-05-19T09:33:00,351.65,0.0,8.0,10008.0,0.06939625260236673,T0001
19,2023-05-19T09:34:00,356.9,0.0,13.25,10013.25,0.016974622938713897,T0001
20,2023-05-19T09:35:00,358.9,0.0,15.25,10015.25,0.0,T0001
21,2023-05-19T09:36:00,371.0,0.0,27.350000000000023,10027.35,0.0,T0001
22,2023-05-19T09:37:00,393.75,0.0,50.10000000000002,10050.1,0.0,T0001
23,2023-05-19T09:38:00,400.05,65.16632653061225,0.0,10065.166326530612,0.0,
24,2023-05-19T09:39:00,402.6,65.16632653061225,0.0,10065.166326530612,0.0,
25,2023-05-19T09:40:00,416.75,65.16632653061225,0.0,10065.166326530612,0.0,
26,2023-05-19T09:41:00,409.4,65.16632653061225,0.0,10065.166326530612,0.0,
27,2023-05-19T09:42:00,417.45,65.16632653061225,0.0,10065.166326530612,0.0,
28,2023-05-19T09:43:00,409.5,65.16632653061225,0.0,10065.166326530612,0.0,
29,2023-05-19T09:44:00,415.05,65.16632653061225,0.0,10065.166326530612,0.0,
30,2023-05-19T09:45:00,415.0,65.16632653061225,0.0,10065.166326530612,0.0,
31,2023-05-19T09:46:00,420.0,65.16632653061225,0.0,10065.166326530612,0.0,
32,2023-05-19T09:47:00,401.3,65.16632653061225,0.0,10065.166326530612,0.0,
33,2023-05-19T09:48:00,428.6,65.16632653061225,0.0,10065.166326530612,0.0,
34,2023-05-19T09:49:00,429.45,65.16632653061225,0.0,10065.166326530612,0.0,
35,2023-05-19T09:50:00,441.65,65.16632653061225,0.0,10065.166326530612,0.0,
36,2023-05-19T09:51:00,457.25,65.16632653061225,0.0,10065.166326530612,0.0,
37,2023-05-19T09:52:00,461.95,65.16632653061225,0.0,10065.166326530612,0.0,
38,2023-05-19T09:53:00,469.6,65.16632653061225,0.0,10065.166326530612,0.0,
39,2023-05-19T09:54:00,471.55,65.16632653061225,0.0,10065.166326530612,0.0,
40,2023-05-19T09:55:00,480.0,65.16632653061225,0.0,10065.166326530612,0.0,
41,2023-05-19T09:56:00,503.6,65.16632653061225,0.0,10065.166326530612,0.0,
42,2023-05-19T09:57:00,503.05,65.16632653061225,0.0,10065.166326530612,0.0,
43,2023-05-19T09:58:00,490.85,65.16632653061225,0.0,10065.166326530612,0.0,
44,2023-05-19T09:59:00,499.6,65.16632653061225,0.0,10065.166326530612,0.0,
45,2023-05-19T10:00:00,506.05,65.16632653061225,0.0,10065.166326530612,0.0,
46,2023-05-19T10:01:00,506.2,65.16632653061225,0.0,10065.166326530612,0.0,
47,2023-05-19T10:02:00,541.95,65.16632653061225,0.0,10065.166326530612,0.0,
48,2023-05-19T10:03:00,529.65,65.16632653061225,0.0,10065.166326530612,0.0,
49,2023-05-19T10:04:00,538.15,65.16632653061225,0.0,10065.166326530612,0.0,
50,2023-05-19T10:05:00,570.95,65.16632653061225,0.0,10065.166326530612,0.0,
51,2023-05-19T10:06:00,560.7,65.16632653061225,0.0,10065.166326530612,0.0,
52,2023-05-19T10:07:00,552.5,65.16632653061225,0.0,10065.166326530612,0.0,
53,2023-05-19T10:08:00,559.25,65.16632653061225,0.0,10065.166326530612,0.0,
54,2023-05-19T10:09:00,563.85,65.16632653061225,0.0,10065.166326530612,0.0,
55,2023-05-19T10:10:00,567.6,65.16632653061225,0.0,10065.166326530612,0.0,
56,2023-05-19T10:11:00,543.5,65.16632653061225,0.0,10065.166326530612,0.0,
57,2023-05-19T10:12:00,505.1,65.16632653061225,0.0,10065.166326530612,0.0,
58,2023-05-19T10:13:00,531.35,65.16632653061225,0.0,10065.166326530612,0.0,
59,2023-05-19T10:14:00,530.75,65.16632653061225,0.0,10065.166326530612,0.0,
60,2023-05-19T10:15:00,521.55,65.16632653061225,0.0,10065.166326530612,0.0,
61,2023-05-19T10:16:00,509.6,65.16632653061225,0.0,10065.166326530612,0.0,
62,2023-05-19T10:17:00,514.4,65.16632653061225,-0.0,10065.166326530612,0.0,T0002
63,2023-05-19T10:18:00,494.7,65.16632653061225,19.69999999999999,10084.866326530613,0.0,T0002
64,2023-05-19T10:19:00,508.95,65.16632653061225,5.449999999999989,10070.616326530613,0.1413008317473879,T0002
65,2023-05-19T10:20:00,536.0,65.16632653061225,-21.600000000000023,10043.566326530612,0.40952451587138766,T0002
66,2023-05-19T10:21:00,530.7,65.16632653061225,-16.300000000000068,10048.866326530613,0.35697052230919046,T0002
67,2023-05-19T10:22:00,522.0,65.16632653061225,-7.600000000000023,10057.566326530612,0.27070264608448025,T0002
68,2023-05-19T10:23:00,532.4,65.16632653061225,-18.0,10047.166326530612,0.37382746364046504,T0002
69,2023-05-19T10:24:00,547.8,65.16632653061225,-33.39999999999998,10031.766326530613,0.5265315204060595,T0002
70,2023-05-19T10:25:00,521.35,65.16632653061225,-6.9500000000000455,10058.216326530612,0.2642573449872346,T0002
71,2023-05-19T10:26:00,524.4,65.16632653061225,-10.0,10055.166326530612,0.29450068090508935,T0002
72,2023-05-19T10:27:00,514.75,65.16632653061225,-0.35000000000002274,10064.816326530612,0.19881274923054607,T0002
73,2023-05-19T10:28:00,514.2,65.16632653061225,0.1999999999999318,10065.366326530613,0.19335903291747816,T0002
74,2023-05-19T10:29:00,511.0,65.16632653061225,3.3999999999999773,10068.566326530612,0.16162831982333872,T0002
75,2023-05-19T10:30:00,488.4,65.16632653061225,26.0,10091.166326530612,0.0,T0002
76,2023-05-19T10:31:00,500.0,65.16632653061225,14.399999999999977,10079.566326530612,0.11495202461882813,T0002
77,2023-05-19T10:32:00,488.2,65.16632653061225,26.19999999999999,10091.366326530613,0.0,T0002
78,2023-05-19T10:33:00,486.2,65.16632653061225,28.19999999999999,10093.366326530613,0.0,T0002
79,2023-05-19T10:34:00,491.65,65.16632653061225,22.75,10087.916326530612,0.053995860485864806,T0002
80,2023-05-19T10:35:00,491.2,65.16632653061225,23.19999999999999,10088.366326530613,0.049537486684273026,T0002
81,2023-05-19T10:36:00,494.1,65.16632653061225,20.299999999999955,10085.466326530612,0.0782692289611658,T0002
82,2023-05-19T10:37:00,495.45,65.16632653061225,18.94999999999999,10084.116326530613,0.0916443503659051,T0002
83,2023-05-19T10:38:00,502.45,65.16632653061225,11.949999999999989,10077.116326530613,0.16099683172388735,T0002
84,2023-05-19T10:39:00,514.45,65.16632653061225,-0.05000000000006821,10065.116326530613,0.2798867997661426,T0002
85,2023-05-19T10:40:00,544.5,65.16632653061225,-30.100000000000023,10035.066326530612,0.5776070947386343,T0002
86,2023-05-19T10:41:00,554.7,20.21379267751803,0.0,10020.213792677518,0.7247585343337102,T0003
87,2023-05-19T10:42:00,532.0,20.21379267751803,-22.700000000000045,9997.513792677517,0.9496587238803169,T0003
88,2023-05-19T10:43:00,541.55,20.21379267751803,-13.150000000000091,10007.063792677518,0.8550421243133447,T0003
89,2023-05-19T10:44:00,525.1,20.21379267751803,-29.600000000000023,9990.613792677517,1.0180204555046102,T0003
90,2023-05-19T10:45:00,533.15,20.21379267751803,-21.550000000000068,9998.663792677518,0.9382651019429198,T0003
91,2023-05-19T10:46:00,515.55,-20.210644463206165,0.0,9979.789355536794,1.1252635376492792,
92,2023-05-19T10:47:00,516.85,-20.210644463206165,0.0,9979.789355536794,1.1252635376492792,
93,2023-05-19T10:48:00,520.8,-20.210644463206165,0.0,9979.789355536794,1.1252635376492792,
94,2023-05-19T10:49:00,514.85,-20.210644463206165,0.0,9979.789355536794,1.1252635376492792,
95,2023-05-19T10:50:00,517.4,-20.210644463206165,-0.0,9979.789355536794,1.1252635376492792,T0004
96,2023-05-19T10:51:00,514.6,-20.210644463206165,2.7999999999999545,9982.589355536793,1.0975225451060937,T0004
97,2023-05-19T10:52:00,508.6,-20.210644463206165,8.799999999999955,9988.589355536793,1.038077561084966,T0004
98,2023-05-19T10:53:00,506.5,-20.210644463206165,10.899999999999977,9990.689355536793,1.0172718166775678,T0004
99,2023-05-19T10:54:00,516.6,-20.210644463206165,0.7999999999999545,9980.589355536793,1.1173375397798029,T0004
100,2023-05-19T10:55:00,519.7,-20.210644463206165,-2.300000000000068,9977.489355536794,1.1480507815240377,T0004
101,2023-05-19T10:56:00,523.1,-20.210644463206165,-5.7000000000000455,9974.089355536793,1.1817362724693579,T0004
102,2023-05-19T10:57:00,522.95,-20.210644463206165,-5.550000000000068,9974.239355536794,1.1802501478688152,T0004
103,2023-05-19T10:58:00,510.35,-20.210644463206165,7.0499999999999545,9986.839355536793,1.0554156814244615,T0004
104,2023-05-19T10:59:00,506.0,-20.210644463206165,11.399999999999977,9991.189355536793,1.0123180680091404,T0004
105,2023-05-19T11:00:00,502.0,-20.210644463206165,15.399999999999977,9995.189355536793,0.972688078661722,T0004
106,2023-05-19T11:01:00,500.1,-20.210644463206165,17.299999999999955,9997.089355536793,0.9538638337217018,T0004
107,2023-05-19T11:02:00,495.3,-20.210644463206165,22.099999999999966,10001.889355536794,0.9063078465047889,T0004
108,2023-05-19T11:03:00,504.95,-20.210644463206165,12.449999999999989,9992.239355536794,1.0019151958054322,T0004
109,2023-05-19T11:04:00,503.8,-20.210644463206165,13.599999999999966,9993.389355536794,0.9905215738680531,T0004
110,2023-05-19T11:05:00,502.55,-20.210644463206165,14.849999999999966,9994.639355536794,0.9781372021969849,T0004
111,2023-05-19T11:06:00,498.4,-20.210644463206165,19.0,9998.789355536794,0.9370210882490418,T0004
112,2023-05-19T11:07:00,513.45,-20.210644463206165,3.949999999999932,9983.739355536794,1.0861289231686964,T0004
113,2023-05-19T11:08:00,508.4,-20.210644463206165,9.0,9988.789355536794,1.0360960616175878,T0004
114,2023-05-19T11:09:00,515.05,-20.210644463206165,2.3500000000000227,9982.139355536794,1.1019809189076675,T0004
115,2023-05-19T11:10:00,513.4,-20.210644463206165,4.0,9983.789355536794,1.0856335483018609,T0004
116,2023-05-19T11:11:00,504.65,-20.210644463206165,12.75,9992.539355536794,0.9989429466043831,T0004
117,2023-05-19T11:12:00,506.7,-20.210644463206165,10.699999999999989,9990.489355536794,1.0192533161449278,T0004
118,2023-05-19T11:13:00,500.25,-20.210644463206165,17.149999999999977,9996.939355536793,0.9553499583222265,T0004
119,2023-05-19T11:14:00,487.0,-20.210644463206165,30.399999999999977,10010.189355536793,0.8240756186089029,T0004
120,2023-05-19T11:15:00,476.55,-20.210644463206165,40.849999999999966,10020.639355536794,0.720542271438765,T0004
121,2023-05-19T11:16:00,494.45,-20.210644463206165,22.94999999999999,10002.739355536794,0.8978864737684589,T0004
122,2023-05-19T11:17:00,475.5,-20.210644463206165,41.89999999999998,10021.689355536793,0.710139399235075,T0004
123,2023-05-19T11:18:00,450.0,-20.210644463206165,67.39999999999998,10047.189355536793,0.45749821714528255,T0004
124,2023-05-19T11:19:00,446.95,53.45934072633878,0.0,10053.459340726338,0.3953783555777479,
125,2023-05-19T11:20:00,435.55,53.45934072633878,0.0,10053.459340726338,0.3953783555777479,
126,2023-05-19T11:21:00,454.2,53.45934072633878,0.0,10053.459340726338,0.3953783555777479,
127,2023-05-19T11:22:00,449.1,53.45934072633878,0.0,10053.459340726338,0.3953783555777479,
128,2023-05-19T11:23:00,457.5,53.45934072633878,0.0,10053.459340726338,0.3953783555777479,
129,2023-05-19T11:24:00,448.2,53.45934072633878,0.0,10053.459340726338,0.3953783555777479,
130,2023-05-19T11:25:00,465.4,53.45934072633878,0.0,10053.459340726338,0.3953783555777479,
131,2023-05-19T11:26:00,472.15,53.45934072633878,0.0,10053.459340726338,0.3953783555777479,
132,2023-05-19T11:27:00,485.05,53.45934072633878,0.0,10053.459340726338,0.3953783555777479,T0005
133,2023-05-19T11:28:00,496.3,53.45934072633878,11.25,10064.709340726338,0.2839190105381336,T0005
134,2023-05-19T11:29:00,493.75,53.45934072633878,8.699999999999989,10062.159340726339,0.30918312874710563,T0005
135,2023-05-19T11:30:00,496.6,53.45934072633878,11.550000000000011,10065.009340726338,0.28094676133708446,T0005
136,2023-05-19T11:31:00,498.5,53.45934072633878,13.449999999999989,10066.909340726339,0.26212251639704626,T0005
137,2023-05-19T11:32:00,512.6,53.45934072633878,27.55000000000001,10081.009340726338,0.12242680394741076,T0005
138,2023-05-19T11:33:00,510.8,53.45934072633878,25.75,10079.209340726338,0.14026029915374186,T0005
139,2023-05-19T11:34:00,500.1,53.45934072633878,15.050000000000011,10068.509340726338,0.24627052065809332,T0005
140,2023-05-19T11:35:00,506.75,53.45934072633878,21.69999999999999,10075.159340726339,0.18038566336799577,T0005
141,2023-05-19T11:36:00,501.2,53.45934072633878,16.149999999999977,10069.609340726338,0.23537227358754967,T0005
142,2023-05-19T11:37:00,513.4,53.45934072633878,28.349999999999966,10081.809340726339,0.11450080607791627,T0005
143,2023-05-19T11:38:00,510.4,53.45934072633878,25.349999999999966,10078.809340726339,0.14422329808848008,T0005
144,2023-05-19T11:39:00,506.75,53.45934072633878,21.69999999999999,10075.159340726339,0.18038566336799577,T0005
145,2023-05-19T11:40:00,508.15,53.45934072633878,23.099999999999966,10076.559340726339,0.16651516709640293,T0005
146,2023-05-19T11:41:00,494.65,53.45934072633878,9.599999999999966,10063.059340726339,0.3002663811439401,T0005
147,2023-05-19T11:42:00,488.15,53.45934072633878,3.099999999999966,10056.559340726339,0.36466511383349504,T0005
148,2023-05-19T11:43:00,498.4,53.45934072633878,13.349999999999966,10066.809340726339,0.2631132661307353,T0005
149,2023-05-19T11:44:00,492.05,53.45934072633878,7.0,10060.459340726338,0.3260258742197657,T0005
150,2023-05-19T11:45:00,479.65,53.45934072633878,-5.400000000000034,10048.059340726339,0.4488788411967592,T0005
151,2023-05-19T11:46:00,477.9,53.45934072633878,-7.150000000000034,10046.309340726339,0.46621696153625475,T0005
152,2023-05-19T11:47:00,468.0,53.45934072633878,-17.05000000000001,10036.409340726339,0.5643011851711117,T0005
153,2023-05-19T11:48:00,462.8,53.45934072633878,-22.25,10031.209340726338,0.6158201713227629,T0005
154,2023-05-19T11:49:00,472.2,53.45934072633878,-12.850000000000023,10040.609340726338,0.5226896963563332,T0005
155,2023-05-19T11:50:00,484.15,53.45934072633878,-0.9000000000000341,10052.559340726339,0.4042951031809135,T0005
156,2023-05-19T11:51:00,470.0,53.45934072633878,-15.050000000000011,10038.409340726339,0.5444861904974025,T0005
157,2023-05-19T11:52:00,476.4,53.45934072633878,-8.650000000000034,10044.809340726339,0.4810782075415367,T0005
158,2023-05-19T11:53:00,473.25,53.45934072633878,-11.800000000000011,10041.659340726339,0.512286824152625,T0005
159,2023-05-19T11:54:00,466.15,53.45934072633878,-18.900000000000034,10034.559340726339,0.5826300552442963,T0005
160,2023-05-19T11:55:00,470.65,53.45934072633878,-14.400000000000034,10039.059340726339,0.5380463172284506,T0005
161,2023-05-19T11:56:00,455.7,53.45934072633878,-29.350000000000023,10024.109340726338,0.6861634024144342,T0005
162,2023-05-19T11:57:00,462.0,53.45934072633878,-23.05000000000001,10030.409340726339,0.6237461691922394,T0005
163,2023-05-19T11:58:00,456.85,53.45934072633878,-28.19999999999999,10025.259340726338,0.674769780477055,T0005
164,2023-05-19T11:59:00,453.0,53.45934072633878,-32.05000000000001,10021.409340726339,0.7129136452239309,T0005
165,2023-05-19T12:00:00,445.0,17.458275871168667,-0.0,10017.45827587117,0.7520588097542628,T0006
166,2023-05-19T12:01:00,435.55,17.458275871168667,9.449999999999989,10026.90827587117,0.6584329599209796,T0006
167,2023-05-19T12:02:00,445.6,17.458275871168667,-0.6000000000000227,10016.85827587117,0.7580033081563792,T0006
168,2023-05-19T12:03:00,448.55,17.458275871168667,-3.5500000000000114,10013.90827587117,0.7872304253000895,T0006
169,2023-05-19T12:04:00,443.25,17.458275871168667,1.75,10019.20827587117,0.7347206894147672,T0006
170,2023-05-19T12:05:00,441.2,17.458275871168667,3.8000000000000114,10021.258275871169,0.7144103198742225,T0006
171,2023-05-19T12:06:00,449.6,17.458275871168667,-4.600000000000023,10012.85827587117,0.7976332975037976,T0006
172,2023-05-19T12:07:00,443.9,17.458275871168667,1.1000000000000227,10018.55827587117,0.7411605626837191,T0006
173,2023-05-19T12:08:00,444.95,17.458275871168667,0.05000000000001137,10017.508275871169,0.7515634348874273,T0006
174,2023-05-19T12:09:00,448.95,17.458275871168667,-3.9499999999999886,10013.508275871169,0.7911934242348457,T0006
175,2023-05-19T12:10:00,448.0,17.458275871168667,-3.0,10014.45827587117,0.7817813017648266,T0006
176,2023-05-19T12:11:00,457.4,17.458275871168667,-12.399999999999977,10005.05827587117,0.8749117767312563,T0006
177,2023-05-19T12:12:00,471.95,-8.107946758078185,0.0,9991.892053241922,1.0053560923669687,
178,2023-05-19T12:13:00,470.95,-8.107946758078185,0.0,9991.892053241922,1.0053560923669687,
179,2023-05-19T12:14:00,470.2,-8.107946758078185,0.0,9991.892053241922,1.0053560923669687,
180,2023-05-19T12:15:00,470.5,-8.107946758078185,0.0,9991.892053241922,1.0053560923669687,
181,2023-05-19T12:16:00,471.2,-8.107946758078185,0.0,9991.892053241922,1.0053560923669687,
182,2023-05-19T12:17:00,473.85,-8.107946758078185,0.0,9991.892053241922,1.0053560923669687,T0007
183,2023-05-19T12:18:00,474.35,-8.107946758078185,0.5,9992.392053241922,1.0004023436985414,T0007
184,2023-05-19T12:19:00,475.6,-8.107946758078185,1.75,9993.642053241922,0.9880179720274731,T0007
185,2023-05-19T12:20:00,471.95,-8.107946758078185,-1.900000000000034,9989.992053241922,1.0241803373069889,T0007
186,2023-05-19T12:21:00,451.5,-30.07162097473764,0.0,9969.928379025263,1.2229611361760553,
187,2023-05-19T12:22:00,460.15,-30.07162097473764,-0.0,9969.928379025263,1.2229611361760553,T0008
188,2023-05-19T12:23:00,485.9,-52.87796262354124,0.0,9947.122037376459,1.4489149053249766,
189,2023-05-19T12:24:00,482.0,-52.87796262354124,0.0,9947.122037376459,1.4489149053249766,T0009
190,2023-05-19T12:25:00,476.2,-52.87796262354124,-5.800000000000011,9941.32203737646,1.5063783898787262,T0009
191,2023-05-19T12:26:00,464.9,-52.87796262354124,-17.100000000000023,9930.022037376459,1.618333109785194,T0009
192,2023-05-19T12:27:00,475.4,-52.87796262354124,-6.600000000000023,9940.522037376459,1.5143043877482205,T0009
193,2023-05-19T12:28:00,480.3,-52.87796262354124,-1.6999999999999886,9945.422037376458,1.4657576507976366,T0009
194,2023-05-19T12:29:00,478.7,-52.87796262354124,-3.3000000000000114,9943.82203737646,1.4816096465365896,T0009
195,2023-05-19T12:30:00,474.75,-52.87796262354124,-7.25,9939.872037376459,1.5207442610171724,T0009
196,2023-05-19T12:31:00,484.0,-52.87796262354124,2.0,9949.122037376459,1.4290999106512674,T0009
197,2023-05-19T12:32:00,508.8,-52.87796262354124,26.80000000000001,9973.922037376458,1.1833939766972803,T0009
198,2023-05-19T12:33:00,508.75,-52.87796262354124,26.75,9973.872037376459,1.183889351564116,T0009
199,2023-05-19T12:34:00,515.7,-52.87796262354124,33.700000000000045,9980.82203737646,1.1150322450729693,T0009
200,2023-05-19T12:35:00,521.2,-52.87796262354124,39.200000000000045,9986.32203737646,1.0605410097202688,T0009
201,2023-05-19T12:36:00,508.6,-52.87796262354124,26.600000000000023,9973.72203737646,1.1853754761646405,T0009
202,2023-05-19T12:37:00,502.9,-52.87796262354124,20.899999999999977,9968.022037376459,1.2418482109847189,T0009
203,2023-05-19T12:38:00,507.1,-52.87796262354124,25.100000000000023,9972.22203737646,1.2002367221699224,T0009
204,2023-05-19T12:39:00,512.6,-52.87796262354124,30.600000000000023,9977.72203737646,1.145745486817222,T0009
205,2023-05-19T12:40:00,537.2,-1.8170265148901876,0.0,9998.182973485109,0.9430288168112244,
206,2023-05-19T12:41:00,517.55,-1.8170265148901876,0.0,9998.182973485109,0.9430288168112244,
207,2023-05-19T12:42:00,504.0,-1.8170265148901876,0.0,9998.182973485109,0.9430288168112244,
208,2023-05-19T12:43:00,504.4,-1.8170265148901876,-0.0,9998.182973485109,0.9430288168112244,T0010
209,2023-05-19T12:44:00,506.6,-1.8170265148901876,-2.2000000000000455,9995.982973485108,0.9648253109523118,T0010
210,2023-05-19T12:45:00,501.85,-1.8170265148901876,2.5499999999999545,10000.732973485108,0.9177646986022524,T0010
211,2023-05-19T12:46:00,509.5,-1.8170265148901876,-5.100000000000023,9993.082973485109,0.9935570532291865,T0010
212,2023-05-19T12:47:00,500.2,-1.8170265148901876,4.199999999999989,10002.38297348511,0.9014173279964279,T0010
213,2023-05-19T12:48:00,482.0,-1.8170265148901876,22.399999999999977,10020.582973485109,0.7211008764656849,T0010
214,2023-05-19T12:49:00,474.45,-1.8170265148901876,29.94999999999999,10028.13297348511,0.6462992715724218,T0010
215,2023-05-19T12:50:00,484.35,-1.8170265148901876,20.049999999999955,10018.232973485108,0.7443834952072969,T0010
216,2023-05-19T12:51:00,476.0,-1.8170265148901876,28.399999999999977,10026.582973485109,0.6616558924445572,T0010
217,2023-05-19T12:52:00,489.45,-1.8170265148901876,14.949999999999989,10013.13297348511,0.7949117316252409,T0010
218,2023-05-19T12:53:00,489.2,-1.8170265148901876,15.199999999999989,10013.38297348511,0.7924348572910273,T0010
219,2023-05-19T12:54:00,474.35,-1.8170265148901876,30.049999999999955,10028.232973485108,0.6453085218387508,T0010
220,2023-05-19T12:55:00,482.7,-1.8170265148901876,21.69999999999999,10019.88297348511,0.7280361246014723,T0010
221,2023-05-19T12:56:00,479.5,-1.8170265148901876,24.899999999999977,10023.082973485109,0.6963321331235484,T0010
222,2023-05-19T12:57:00,483.2,-1.8170265148901876,21.19999999999999,10019.38297348511,0.7329898732698996,T0010
223,2023-05-19T12:58:00,486.45,-1.8170265148901876,17.94999999999999,10016.13297348511,0.7651892396146771,T0010
224,2023-05-19T12:59:00,486.0,-1.8170265148901876,18.399999999999977,10016.582973485109,0.7607308658131033,T0010
225,2023-05-19T13:00:00,485.45,-1.8170265148901876,18.94999999999999,10017.13297348511,0.7552817422778225,T0010
226,2023-05-19T13:01:00,484.4,-1.8170265148901876,20.0,10018.182973485109,0.7448788700741323,T0010
227,2023-05-19T13:02:00,482.0,-1.8170265148901876,22.399999999999977,10020.582973485109,0.7211008764656849,T0010
228,2023-05-19T13:03:00,478.6,-1.8170265148901876,25.799999999999955,10023.982973485108,0.6874153855203828,T0010
229,2023-05-19T13:04:00,453.6,-1.8170265148901876,50.799999999999955,10048.982973485108,0.4397279520990177,T0010
230,2023-05-19T13:05:00,456.0,-1.8170265148901876,48.39999999999998,10046.582973485109,0.4635059457074652,T0010
231,2023-05-19T13:06:00,455.6,-1.8170265148901876,48.799999999999955,10046.982973485108,0.45954294677272695,T0010
232,2023-05-19T13:07:00,447.6,-1.8170265148901876,56.799999999999955,10054.982973485108,0.3802829680778901,T0010
233,2023-05-19T13:08:00,465.0,-1.8170265148901876,39.39999999999998,10037.582973485109,0.5526734217391566,T0010
234,2023-05-19T13:09:00,473.75,-1.8170265148901876,30.649999999999977,10028.832973485109,0.6393640234366345,T0010
235,2023-05-19T13:10:00,465.0,-1.8170265148901876,39.39999999999998,10037.582973485109,0.5526734217391566,T0010
236,2023-05-19T13:11:00,474.65,-1.8170265148901876,29.75,10027.932973485109,0.6482807710398,T0010
237,2023-05-19T13:12:00,482.8,-1.8170265148901876,21.599999999999966,10019.78297348511,0.7290268743351613,T0010
238,2023-05-19T13:13:00,489.4,-1.8170265148901876,15.0,10013.182973485109,0.7944163567584054,T0010
239,2023-05-19T13:14:00,485.0,-1.8170265148901876,19.399999999999977,10017.582973485109,0.7508233684762488,T0010
240,2023-05-19T13:15:00,471.1,-1.8170265148901876,33.299999999999955,10031.482973485108,0.6131091554939733,T0010
241,2023-05-19T13:16:00,444.15,-1.8170265148901876,60.25,10058.432973485109,0.3461021022657345,T0010
242,2023-05-19T13:17:00,450.2,-1.8170265148901876,54.19999999999999,10052.38297348511,0.40604246115369763,T0010
243,2023-05-19T13:18:00,459.55,-1.8170265148901876,44.849999999999966,10043.03297348511,0.4986775612532918,T0010
244,2023-05-19T13:19:00,456.05,-1.8170265148901876,48.349999999999966,10046.53297348511,0.46400132057430066,T0010
245,2023-05-19T13:20:00,457.7,-1.8170265148901876,46.69999999999999,10044.88297348511,0.4803486911801072,T0010
246,2023-05-19T13:21:00,458.95,-1.8170265148901876,45.44999999999999,10043.63297348511,0.49273306285117546,T0010
247,2023-05-19T13:22:00,459.45,-1.8170265148901876,44.94999999999999,10043.13297348511,0.49768681151960276,T0010
248,2023-05-19T13:23:00,458.2,-1.8170265148901876,46.19999999999999,10044.38297348511,0.4853024398485345,T0010
249,2023-05-19T13:24:00,456.85,-1.8170265148901876,47.549999999999955,10045.732973485108,0.4719273184437952,T0010
250,2023-05-19T13:25:00,469.8,-1.8170265148901876,34.599999999999966,10032.78297348511,0.6002294089560515,T0010
251,2023-05-19T13:26:00,478.6,-1.8170265148901876,25.799999999999955,10023.982973485108,0.6874153855203828,T0010
252,2023-05-19T13:27:00,479.55,-1.8170265148901876,24.849999999999966,10023.03297348511,0.696827507990384,T0010
253,2023-05-19T13:28:00,468.9,-1.8170265148901876,35.5,10033.682973485109,0.591312661352886,T0010
254,2023-05-19T13:29:00,479.8,-1.8170265148901876,24.599999999999966,10022.78297348511,0.6993043823245976,T0010
255,2023-05-19T13:30:00,479.35,-1.8170265148901876,25.049999999999955,10023.232973485108,0.6948460085230238,T0010
256,2023-05-19T13:31:00,480.4,-1.8170265148901876,24.0,10022.182973485109,0.7052488807267139,T0010
257,2023-05-19T13:32:00,476.1,-1.8170265148901876,28.299999999999955,10026.482973485108,0.6626466421782463,T0010
258,2023-05-19T13:33:00,476.0,-1.8170265148901876,28.399999999999977,10026.582973485109,0.6616558924445572,T0010
259,2023-05-19T13:34:00,482.0,-1.8170265148901876,22.399999999999977,10020.582973485109,0.7211008764656849,T0010
260,2023-05-19T13:35:00,482.3,-1.8170265148901876,22.099999999999966,10020.28297348511,0.7240731256667341,T0010
261,2023-05-19T13:36:00,483.85,-1.8170265148901876,20.549999999999955,10018.732973485108,0.7394297465388695,T0010
262,2023-05-19T13:37:00,488.5,-1.8170265148901876,15.899999999999977,10014.082973485109,0.7854996091552399,T0010
263,2023-05-19T13:38:00,495.75,-1.8170265148901876,8.649999999999977,10006.832973485109,0.8573289648474357,T0010
264,2023-05-19T13:39:00,505.2,-1.8170265148901876,-0.8000000000000114,9997.38297348511,0.950954814680701,T0010
265,2023-05-19T13:40:00,501.4,-1.8170265148901876,3.0,10001.182973485109,0.9133063248006607,T0010
266,2023-05-19T13:41:00,506.9,-1.8170265148901876,-2.5,9995.682973485109,0.9677975601533609,T0010
267,2023-05-19T13:42:00,490.0,-1.8170265148901876,14.399999999999977,10012.582973485109,0.8003608551605217,T0010
268,2023-05-19T13:43:00,486.55,-1.8170265148901876,17.849999999999966,10016.03297348511,0.7661799893483662,T0010
269,2023-05-19T13:44:00,482.2,-1.8170265148901876,22.19999999999999,10020.38297348511,0.723082375933045,T0010
270,2023-05-19T13:45:00,491.6,-1.8170265148901876,12.799999999999955,10010.982973485108,0.8162128508994927,T0010
271,2023-05-19T13:46:00,485.45,-1.8170265148901876,18.94999999999999,10017.13297348511,0.7552817422778225,T0010
272,2023-05-19T13:47:00,499.05,-1.8170265148901876,5.349999999999966,10003.53297348511,0.8900237060590487,T0010
273,2023-05-19T13:48:00,494.75,-1.8170265148901876,9.649999999999977,10007.832973485109,0.8474214675105811,T0010
274,2023-05-19T13:49:00,497.2,-1.8170265148901876,7.199999999999989,10005.38297348511,0.8716948359858641,T0010
275,2023-05-19T13:50:00,488.4,-1.8170265148901876,16.0,10014.182973485109,0.7845088594215508,T0010
276,2023-05-19T13:51:00,489.5,-1.8170265148901876,14.899999999999977,10013.082973485109,0.7954071064920945,T0010
277,2023-05-19T13:52:00,478.0,-1.8170265148901876,26.399999999999977,10024.582973485109,0.6814708871182665,T0010
278,2023-05-19T13:53:00,462.1,-1.8170265148901876,42.299999999999955,10040.482973485108,0.5239416794622819,T0010
279,2023-05-19T13:54:00,468.8,-1.8170265148901876,35.599999999999966,10033.78297348511,0.5903219116191969,T0010
280,2023-05-19T13:55:00,465.0,-1.8170265148901876,39.39999999999998,10037.582973485109,0.5526734217391566,T0010
281,2023-05-19T13:56:00,452.2,-1.8170265148901876,52.19999999999999,10050.38297348511,0.42585745582740686,T0010
282,2023-05-19T13:57:00,437.2,63.40115340355106,-0.0,10063.40115340355,0.29687987295475765,T0011
283,2023-05-19T13:58:00,439.0,63.40115340355106,-1.8000000000000114,10061.601153403552,0.3147133681610887,T0011
284,2023-05-19T13:59:00,430.8,63.40115340355106,6.399999999999977,10069.80115340355,0.23347188999889176,T0011
285,2023-05-19T14:00:00,438.25,63.40115340355106,-1.0500000000000114,10062.351153403552,0.3072827451584478,T0011
286,2023-05-19T14:01:00,397.45,63.40115340355106,39.75,10103.15115340355,0.0,T0011
287,2023-05-19T14:02:00,404.45,63.40115340355106,32.75,10096.15115340355,0.06928531399475142,T0011
288,2023-05-19T14:03:00,395.45,63.40115340355106,41.75,10105.15115340355,0.0,T0011
289,2023-05-19T14:04:00,402.1,63.40115340355106,35.099999999999966,10098.501153403551,0.0658080210681443,T0011
290,2023-05-19T14:05:00,394.35,63.40115340355106,42.849999999999966,10106.251153403551,0.0,T0011
291,2023-05-19T14:06:00,377.25,116.72359580055434,0.0,10116.723595800555,0.0,
292,2023-05-19T14:07:00,386.95,116.72359580055434,0.0,10116.723595800555,0.0,
293,2023-05-19T14:08:00,383.7,116.72359580055434,0.0,10116.723595800555,0.0,
294,2023-05-19T14:09:00,385.5,116.72359580055434,0.0,10116.723595800555,0.0,
295,2023-05-19T14:10:00,398.2,116.72359580055434,0.0,10116.723595800555,0.0,
296,2023-05-19T14:11:00,388.6,116.72359580055434,0.0,10116.723595800555,0.0,
297,2023-05-19T14:12:00,411.85,116.72359580055434,0.0,10116.723595800555,0.0,
298,2023-05-19T14:13:00,424.4,116.72359580055434,0.0,10116.723595800555,0.0,
299,2023-05-19T14:14:00,398.85,116.72359580055434,0.0,10116.723595800555,0.0,
300,2023-05-19T14:15:00,373.65,116.72359580055434,0.0,10116.723595800555,0.0,
301,2023-05-19T14:16:00,363.5,116.72359580055434,0.0,10116.723595800555,0.0,
302,2023-05-19T14:17:00,370.9,116.72359580055434,0.0,10116.723595800555,0.0,
303,2023-05-19T14:18:00,377.15,116.72359580055434,0.0,10116.723595800555,0.0,
304,2023-05-19T14:19:00,357.45,116.72359580055434,0.0,10116.723595800555,0.0,
305,2023-05-19T14:20:00,370.8,116.72359580055434,0.0,10116.723595800555,0.0,
306,2023-05-19T14:21:00,364.15,116.72359580055434,0.0,10116.723595800555,0.0,
307,2023-05-19T14:22:00,360.25,116.72359580055434,0.0,10116.723595800555,0.0,
308,2023-05-19T14:23:00,360.25,116.72359580055434,0.0,10116.723595800555,0.0,
309,2023-05-19T14:24:00,363.25,116.72359580055434,0.0,10116.723595800555,0.0,
310,2023-05-19T14:25:00,366.8,116.72359580055434,0.0,10116.723595800555,0.0,
311,2023-05-19T14:26:00,360.15,116.72359580055434,0.0,10116.723595800555,0.0,
312,2023-05-19T14:27:00,355.5,116.72359580055434,0.0,10116.723595800555,0.0,
313,2023-05-19T14:28:00,360.65,116.72359580055434,0.0,10116.723595800555,0.0,
314,2023-05-19T14:29:00,369.0,116.72359580055434,0.0,10116.723595800555,0.0,T0012
315,2023-05-19T14:30:00,363.75,116.72359580055434,-5.25,10111.473595800555,0.051894271404027206,T0012
316,2023-05-19T14:31:00,367.9,116.72359580055434,-1.1000000000000227,10115.623595800555,0.010873085437037867,T0012
317,2023-05-19T14:32:00,374.35,116.72359580055434,5.350000000000023,10122.073595800555,0.0,T0012
318,2023-05-19T14:33:00,364.05,116.72359580055434,-4.949999999999989,10111.773595800554,0.10175780587363398,T0012
319,2023-05-19T14:34:00,367.35,116.72359580055434,-1.6499999999999773,10115.073595800555,0.06915579039954975,T0012
320,2023-05-19T14:35:00,365.2,116.72359580055434,-3.8000000000000114,10112.923595800556,0.09039649745083643,T0012
321,2023-05-19T14:36:00,346.25,83.5888199110804,0.0,10083.58881991108,0.3802064421408897,
322,2023-05-19T14:37:00,345.9,83.5888199110804,-0.0,10083.58881991108,0.3802064421408897,T0013
323,2023-05-19T14:38:00,351.0,83.5888199110804,-5.100000000000023,10078.48881991108,0.43059137514627954,T0013
324,2023-05-19T14:39:00,349.15,83.5888199110804,-3.25,10080.33881991108,0.4123144876835378,T0013
325,2023-05-19T14:40:00,345.65,83.5888199110804,0.25,10083.83881991108,0.37773659248376296,T0013
326,2023-05-19T14:41:00,326.45,83.5888199110804,19.44999999999999,10103.03881991108,0.1880521388164193,T0013
327,2023-05-19T14:42:00,330.45,83.5888199110804,15.449999999999989,10099.03881991108,0.22756973333044775,T0013
328,2023-05-19T14:43:00,321.65,83.5888199110804,24.25,10107.83881991108,0.14063102539959238,T0013
329,2023-05-19T14:44:00,328.6,83.5888199110804,17.299999999999955,10100.888819911079,0.20929284586772395,T0013
330,2023-05-19T14:45:00,325.15,83.5888199110804,20.75,10104.33881991108,0.17520892059936727,T0013
331,2023-05-19T14:46:00,328.0,83.5888199110804,17.899999999999977,10101.48881991108,0.2033652066906161,T0013
332,2023-05-19T14:47:00,312.0,83.5888199110804,33.89999999999998,10117.48881991108,0.045294828634502404,T0013
333,2023-05-19T14:48:00,309.25,83.5888199110804,36.64999999999998,10120.23881991108,0.018126482406107865,T0013
334,2023-05-19T14:49:00,315.7,83.5888199110804,30.19999999999999,10113.78881991108,0.08184860355996791,T0013
335,2023-05-19T14:50:00,322.25,83.5888199110804,23.649999999999977,10107.23881991108,0.14655866457670025,T0013
336,2023-05-19T14:51:00,322.45,83.5888199110804,23.44999999999999,10107.03881991108,0.14853454430239088,T0013
337,2023-05-19T14:52:00,325.1,83.5888199110804,20.799999999999955,10104.388819911079,0.1747149506679491,T0013
338,2023-05-19T14:53:00,323.9,83.5888199110804,22.0,10105.58881991108,0.16285967231373338,T0013
339,2023-05-19T14:54:00,332.0,83.5888199110804,13.899999999999977,10097.48881991108,0.24288280120464453,T0013
340,2023-05-19T14:55:00,334.65,83.5888199110804,11.25,10094.83881991108,0.26906320757018476,T0013
341,2023-05-19T14:56:00,317.25,83.5888199110804,28.649999999999977,10112.23881991108,0.09716167143416471,T0013
342,2023-05-19T14:57:00,314.8,83.5888199110804,31.099999999999966,10114.68881991108,0.07295714479431512,T0013
343,2023-05-19T14:58:00,317.45,83.5888199110804,28.44999999999999,10112.03881991108,0.09913755115985536,T0013
344,2023-05-19T14:59:00,318.7,83.5888199110804,27.19999999999999,10110.78881991108,0.11148679944548924,T0013
345,2023-05-19T15:00:00,321.7,83.5888199110804,24.19999999999999,10107.78881991108,0.14112499533101056,T0013
346,2023-05-19T15:01:00,332.85,83.5888199110804,13.049999999999955,10096.638819911079,0.2512802900388792,T0013
347,2023-05-19T15:02:00,321.5,83.5888199110804,24.399999999999977,10107.98881991108,0.13914911560531992,T0013
348,2023-05-19T15:03:00,311.45,83.5888199110804,34.44999999999999,10118.03881991108,0.03986115938881272,T0013
349,2023-05-19T15:04:00,302.5,83.5888199110804,43.39999999999998,10126.98881991108,0.0,T0013
350,2023-05-19T15:05:00,303.4,83.5888199110804,42.5,10126.08881991108,0.008887143217045031,T0013
351,2023-05-19T15:06:00,302.85,83.5888199110804,43.049999999999955,10126.638819911079,0.003456111251078057,T0013
352,2023-05-19T15:07:00,301.9,83.5888199110804,44.0,10127.58881991108,0.0,T0013
353,2023-05-19T15:08:00,295.6,83.5888199110804,50.299999999999955,10133.888819911079,0.0,T0013
354,2023-05-19T15:09:00,291.65,83.5888199110804,54.25,10137.83881991108,0.0,T0013
355,2023-05-19T15:10:00,284.1,83.5888199110804,61.799999999999955,10145.388819911079,0.0,T0013
356,2023-05-19T15:11:00,265.9,151.4089853689194,0.0,10151.40898536892,0.0,
357,2023-05-19T15:12:00,264.4,151.4089853689194,0.0,10151.40898536892,0.0,
358,2023-05-19T15:13:00,265.1,151.4089853689194,0.0,10151.40898536892,0.0,
359,2023-05-19T15:14:00,259.7,151.4089853689194,0.0,10151.40898536892,0.0,
360,2023-05-19T15:15:00,268.95,151.4089853689194,0.0,10151.40898536892,0.0,
361,2023-05-19T15:16:00,261.3,151.4089853689194,0.0,10151.40898536892,0.0,
362,2023-05-19T15:17:00,262.65,151.4089853689194,0.0,10151.40898536892,0.0,
363,2023-05-19T15:18:00,255.5,151.4089853689194,0.0,10151.40898536892,0.0,
364,2023-05-19T15:19:00,247.95,151.4089853689194,0.0,10151.40898536892,0.0,
365,2023-05-19T15:20:00,247.15,151.4089853689194,0.0,10151.40898536892,0.0,
366,2023-05-19T15:21:00,254.15,151.4089853689194,0.0,10151.40898536892,0.0,
367,2023-05-19T15:22:00,262.0,151.4089853689194,0.0,10151.40898536892,0.0,
368,2023-05-19T15:23:00,261.65,151.4089853689194,0.0,10151.40898536892,0.0,
369,2023-05-19T15:24:00,260.7,151.4089853689194,0.0,10151.40898536892,0.0,
370,2023-05-19T15:25:00,259.0,151.4089853689194,0.0,10151.40898536892,0.0,
371,2023-05-19T15:26:00,263.85,151.4089853689194,0.0,10151.40898536892,0.0,
372,2023-05-19T15:27:00,263.0,151.4089853689194,0.0,10151.40898536892,0.0,T0014
373,2023-05-19T15:28:00,255.65,151.4089853689194,-7.349999999999994,10144.05898536892,0.0724037422843845,T0014
374,2023-05-19T15:29:00,256.6,151.4089853689194,-6.399999999999977,10145.00898536892,0.06304543545850497,T0014
