bar,timestamp,close,sma,ema,rsi,macd,macd_signal,macd_histogram,atr,vwap,roc,cci,vwap_status
1,2023-05-19T09:16:00,347.1,,,,,,,,,,,missing_volume
2,2023-05-19T09:17:00,358.85,,,,,,,,,,,missing_volume
3,2023-05-19T09:18:00,369.0,,,,,,,,,,,missing_volume
4,2023-05-19T09:19:00,366.3,,,,,,,,,,,missing_volume
5,2023-05-19T09:20:00,357.65,,,,,,,,,,,missing_volume
6,2023-05-19T09:21:00,378.9,,,,,,,,,,,missing_volume
7,2023-05-19T09:22:00,359.45,,,,,,,,,,,missing_volume
8,2023-05-19T09:23:00,357.1,,,,,,,,,,,missing_volume
9,2023-05-19T09:24:00,362.35,,,,,,,,,,,missing_volume
10,2023-05-19T09:25:00,348.15,,,,,,,,,,,missing_volume
11,2023-05-19T09:26:00,342.6,,,,,,,,,,,missing_volume
12,2023-05-19T09:27:00,344.15,,,,,,,,,,,missing_volume
13,2023-05-19T09:28:00,336.2,,,,,,,,,-3.1403053874964115,,missing_volume
14,2023-05-19T09:29:00,341.7,,,,,,,16.467857142857145,,-4.77915563605964,,missing_volume
15,2023-05-19T09:30:00,343.65,,,48.541226215644805,,,,16.291581632653063,,-6.869918699186995,,missing_volume
16,2023-05-19T09:31:00,354.65,,,53.226903178122676,,,,16.117182944606416,,-3.180453180453191,,missing_volume
17,2023-05-19T09:32:00,358.6,,,54.817896834201434,,,,15.883812734277388,,0.2656228156018514,,missing_volume
18,2023-05-19T09:33:00,351.65,,,51.498642749724425,,,,15.845683253257572,,-7.191871206122991,,missing_volume
19,2023-05-19T09:34:00,356.9,,,53.77556860632246,,,,15.642420163739175,,-0.7094171651133685,,missing_volume
20,2023-05-19T09:35:00,358.9,354.6925,354.6925,54.64901665889831,,,,15.278675866329234,,0.504060487258462,52.740267831516476,missing_volume
21,2023-05-19T09:36:00,371.0,355.8875,356.24559523809523,59.62030135164212,,,,15.10519901873429,,2.3871947012556793,97.69610626473211,missing_volume
22,2023-05-19T09:37:00,393.75,357.6325,359.8174433106576,66.9548081873097,,,,16.740541945967554,,13.097802671262393,211.57501667298357,missing_volume
23,2023-05-19T09:38:00,400.05,359.185,363.6491153763093,68.65285503649342,,,,16.869788949827015,,16.768826619964972,251.9039074960128,missing_volume
24,2023-05-19T09:39:00,402.6,361.0,367.3587234357084,69.33961243344915,,,,16.311232596267942,,16.983873311056243,202.0660115898211,missing_volume
25,2023-05-19T09:40:00,416.75,363.95500000000004,372.0626545370695,72.88898850756297,,,,16.25685883939166,,23.958953004164197,195.8931368813242,missing_volume
26,2023-05-19T09:41:00,409.4,365.48,375.61859220020574,68.45595328147598,19.73267248064741,,,16.4242260651494,,19.812701199882945,165.94605723697737,missing_volume
27,2023-05-19T09:42:00,417.45,368.38,379.60253580018616,70.5673137432236,20.88889950641675,,,16.361781346210158,,21.475338280226985,138.25938204883641,missing_volume
28,2023-05-19T09:43:00,409.5,371.0,382.44991334302557,65.87767718523236,20.922537210293967,,,15.957368392909432,,15.465952347384748,113.66581963281584,missing_volume
29,2023-05-19T09:44:00,415.05,373.635,385.55468350083265,67.50139607735336,21.15319310694656,,,16.185413507701615,,15.74177356385944,92.7353759978532,missing_volume
30,2023-05-19T09:45:00,415.0,376.9775,388.3589993578962,67.47024692301368,21.08885578259236,,,15.49002682858007,,18.015071804350935,90.0589324903255,missing_volume
31,2023-05-19T09:46:00,420.0,380.84749999999997,391.37242799047755,69.0102995679729,21.19698060502037,,,14.93716776939578,,17.68002241524238,89.12065077160958,missing_volume
32,2023-05-19T09:47:00,401.3,383.70500000000004,392.3179110390035,57.958602097633126,19.548394860711596,,,15.77022721443894,,11.813875731401513,55.77349739332098,missing_volume
33,2023-05-19T09:48:00,428.6,388.325,395.77334808290794,66.41470044716924,20.211771900233657,,,16.825925270550446,,15.525606469002696,83.47612701233314,missing_volume
34,2023-05-19T09:49:00,429.45,392.7125,398.9806482654881,66.63969080504295,20.568984430910632,20.59025443153037,-0.021270000619736606,16.588359179796843,,9.066666666666666,98.88940613154219,missing_volume
35,2023-05-19T09:50:00,441.65,397.6125,403.04439604972737,69.76994238570661,21.58766679049046,20.789736903322385,0.797929887168074,16.48919066695421,,10.39870016247968,120.65330374282209,missing_volume
36,2023-05-19T09:51:00,457.25,402.7425,408.2068345211819,73.2290382701939,23.384210897961964,21.308631702250302,2.0755791957116614,17.254248476457484,,13.57426726279185,166.1999592872287,missing_volume
37,2023-05-19T09:52:00,461.95,407.90999999999997,413.3252312334503,74.18736565386847,24.900201741160856,22.026945710032415,2.8732560311284416,17.27894501385338,,10.845830833833237,160.44694220275747,missing_volume
38,2023-05-19T09:53:00,469.6,413.8075,418.6847330207408,75.71141952699988,26.414437282229414,22.904444024471815,3.5099932577576,17.823306084292422,,14.704445530043975,177.3088008525549,missing_volume
39,2023-05-19T09:54:00,471.55,419.53999999999996,423.7195203520988,76.09880687289814,27.45534048640303,23.814623316858057,3.640717169544974,17.70378422112868,,12.959635884537079,160.7190183228226,missing_volume
40,2023-05-19T09:55:00,480.0,425.59499999999997,429.0795660328513,77.75454401089128,28.632055640825058,24.77810978165146,3.8539458591735993,17.449942491048056,,17.216117216117222,154.48062548328906,missing_volume
41,2023-05-19T09:56:00,503.6,432.225,436.1767502201988,81.59035500927594,31.11031331861068,26.044550489043303,5.065762829567376,18.835660884544623,,21.33477894229612,170.518178634663,missing_volume
42,2023-05-19T09:57:00,503.05,437.68999999999994,442.54563115160846,81.23878269743302,32.65356006538161,27.366352404310966,5.287207661070646,18.668827964220007,,21.216867469879517,156.6361692015208,missing_volume
43,2023-05-19T09:58:00,490.85,442.23,447.1460472324077,73.65699430168343,32.51731680355965,28.396545284160702,4.12077151939895,18.88176882391858,,16.869047619047617,122.25748969818491,missing_volume
44,2023-05-19T09:59:00,499.6,447.08000000000004,452.14166178170217,75.42823472764331,32.73801149240501,29.264838525809562,3.4731729665954454,18.561642479352965,,24.49538998255669,111.3258888871138,missing_volume
45,2023-05-19T10:00:00,506.05,451.54499999999996,457.27578923106387,76.67332645186028,33.0523675991368,30.02234434047501,3.0300232586617923,18.146525159399182,,18.070461969202057,113.5260273039866,missing_volume
46,2023-05-19T10:01:00,506.2,456.38500000000005,461.93523787572445,76.70289181602723,32.93395865028975,30.60466720243796,2.3292914478517943,17.646773362299243,,17.871696355803945,100.11821673629258,missing_volume
47,2023-05-19T10:02:00,541.95,462.61,469.55569141136976,82.4214141931659,35.31772419007865,31.5472785999661,3.7704455901125513,19.372003836420728,,22.710290954375644,140.88277387457725,missing_volume
48,2023-05-19T10:03:00,529.65,468.6175,475.2789588960012,75.55023351965102,35.8016689954394,32.39815667906076,3.403512316378638,19.149003562390675,,15.833788955713501,129.57133790666455,missing_volume
49,2023-05-19T10:04:00,538.15,474.77250000000004,481.266677096382,76.97854390191122,36.450894481172895,33.20870423948319,3.2421902416897055,19.491931879362774,,16.495291698235736,115.93609046439234,missing_volume
50,2023-05-19T10:05:00,570.95,482.57,489.80794594434565,81.4756276954178,39.16067633488234,34.39909865856302,4.76157767631932,20.510365316551148,,21.582197614991493,149.38786867000556,missing_volume
51,2023-05-19T10:06:00,560.7,489.605,496.5595701401223,76.44978203906852,40.01978546431417,35.52323601971325,4.496549444600916,21.352482079654635,,18.905736401229987,152.63723569428868,missing_volume
52,2023-05-19T10:07:00,552.5,497.16499999999996,501.8872301267773,72.59193945756246,39.58267967723867,36.33512475121834,3.247554926020335,21.9487333596793,,15.104166666666675,109.59568435871965,missing_volume
53,2023-05-19T10:08:00,559.25,503.69750000000005,507.3503510670842,73.7655262453938,39.32759474802293,36.93361875057926,2.3939759974436754,21.698823833987916,,11.05043685464655,106.16482456096338,missing_volume
54,2023-05-19T10:09:00,563.85,510.4175,512.7312700130761,74.5648272172896,39.04651573227818,37.35619814691904,1.6903175853591392,21.22747927441735,,12.086273730245512,104.72626083233824,missing_volume
55,2023-05-19T10:10:00,567.6,516.715,517.9568633451642,75.2274506733751,38.68046789108462,37.621052095752155,1.0594157953324626,21.054087897673252,,15.636141387389223,109.95216009448528,missing_volume
56,2023-05-19T10:11:00,543.5,521.0275,520.3895430265771,63.73571935986051,36.03036809651894,37.302915295905514,-1.2725471993865725,21.964510190696586,,8.787029623698949,61.2663710425906,missing_volume
57,2023-05-19T10:12:00,505.1,523.1850000000001,518.933396071665,50.49874883169382,30.48022873500429,35.93837798372527,-5.458149248720979,23.138473748503973,,-0.18772848532753184,-10.263832524524501,missing_volume
58,2023-05-19T10:13:00,531.35,526.2725,520.1159297791255,57.06345866475977,27.8784930103418,34.32640098904857,-6.447907978706773,24.29643990932512,,4.968391939944694,9.854477487400152,missing_volume
59,2023-05-19T10:14:00,530.75,529.2325,521.1286983715897,56.87778570298456,25.474529203152144,32.55602663186929,-7.081497428717142,23.807408487230465,,-2.066611311006561,12.661089758082493,missing_volume
60,2023-05-19T10:15:00,521.55,531.3100000000001,521.1688223362003,53.97760254898635,22.56687061685659,30.558195428866746,-7.991324812010156,23.442593595285434,,-1.5293118096856406,-17.910384189454007,missing_volume
61,2023-05-19T10:16:00,509.6,531.61,520.0670297327526,50.383921936499725,19.07834185988014,28.262224715069426,-9.183882855189285,23.535979767050755,,-5.305212301402951,-60.62134779501437,missing_volume
62,2023-05-19T10:17:00,514.4,532.1775,519.5273126153477,51.77283677569265,16.510653040484044,25.91191038015235,-9.401257339668305,22.47626692654713,,-9.904545056484814,-67.80705943646085,missing_volume
63,2023-05-19T10:18:00,494.7,532.37,517.1628066519812,46.072451852344244,12.73926546927072,23.277381397976022,-10.538115928705302,22.817247860365196,,-11.771000535045484,-108.01097636540669,missing_volume
64,2023-05-19T10:19:00,508.95,532.8375,516.3806345898878,50.33243979046931,10.776049959411068,20.777115110263033,-10.001065150851964,22.476730156053396,,-7.882352941176474,-102.73484376832768,missing_volume
65,2023-05-19T10:20:00,536.0,534.335,518.2491455813271,57.237916158142944,11.272948919385271,18.876281872087482,-7.60333295270221,23.156963716335298,,-4.157353598569513,-33.915340425465075,missing_volume
66,2023-05-19T10:21:00,530.7,535.5600000000001,519.4349412402483,55.60659159399087,11.110998544215477,17.32322520651308,-6.212226662297603,22.838609165168496,,-5.879223197658945,-27.10848845486231,missing_volume
67,2023-05-19T10:22:00,522.0,534.5625,519.6792325507009,52.93934486908847,10.16347618709699,15.891275402629862,-5.7277992155328725,22.25370851051361,,-8.033826638477803,-49.65991015029957,missing_volume
68,2023-05-19T10:23:00,532.4,534.7,520.890734212539,55.676323824116984,10.134921905171154,14.740004703138121,-4.605082797966967,21.835586474048352,,-2.04231830726771,-13.248783061633356,missing_volume
69,2023-05-19T10:24:00,547.8,535.1825,523.4535214303924,59.4381863435963,11.225542659728717,14.03711229445624,-2.8115696347275225,21.77590172590204,,8.453771530389997,40.24701477245212,missing_volume
70,2023-05-19T10:25:00,521.35,532.7025,523.2531860560692,51.37336423505512,9.842119687832565,13.198113773131505,-3.3559940852989403,22.609765888337606,,-1.8819986826009272,-25.45917622602188,missing_volume
71,2023-05-19T10:26:00,524.4,530.8875,523.3624064316817,52.17912407200808,8.889385226229138,12.336368063751031,-3.446982837521894,22.25549689631349,,-1.1964201601507352,-20.482866043613676,missing_volume
72,2023-05-19T10:27:00,514.75,529.0,522.5421772477121,49.3905182311771,7.271836742337882,11.3234617994684,-4.051625057130519,21.63724711800538,,-1.3038059629949084,-66.2270176455948,missing_volume
73,2023-05-19T10:28:00,514.2,526.7475000000001,521.7476841765014,49.229033406439086,5.877782098350849,10.23432585924489,-4.356543760894041,21.22387232386214,,0.9026687598116201,-75.6375725574897,missing_volume
74,2023-05-19T10:29:00,511.0,524.105,520.7240952073107,48.24076638235996,4.463320116898217,9.080124710775555,-4.6168045938773385,20.704310015014848,,-0.6609642301710683,-77.97534934840638,missing_volume
75,2023-05-19T10:30:00,488.4,520.145,517.6456099494716,41.85078301416085,1.501410358017779,7.564381840224,-6.062971482206221,20.96114501394236,,-1.2734990903577992,-167.05213943922217,missing_volume
76,2023-05-19T10:31:00,500.0,517.97,515.9650756685695,45.81790500937773,0.08907182490031573,6.069319837159263,-5.980248012258947,21.210348941517907,,-1.758522448177613,-161.0366677054126,missing_volume
77,2023-05-19T10:32:00,488.2,517.125,513.3207827477534,42.631704632929875,-1.9597868187090626,4.463498505985598,-6.42328532469466,21.481038302838055,,-8.917910447761201,-167.2334829728384,missing_volume
78,2023-05-19T10:33:00,486.2,514.8675000000001,510.7378510574911,42.09735521484656,-3.7022283563663905,2.8303531335152003,-6.532581489881591,20.750249852635335,,-8.385151686451863,-139.8534049262762,missing_volume
79,2023-05-19T10:34:00,491.65,512.9125,508.91996048058724,44.15161083461304,-4.5904406339456045,1.3461943800230394,-5.936635013968644,20.368089148875665,,-5.814176245210733,-115.8595679494793,missing_volume
80,2023-05-19T10:35:00,491.2,511.395,507.2323451967218,44.01276417935927,-5.269918166135085,0.022971870791414384,-5.292890036926499,20.198939923955976,,-7.738542449286245,-88.76348071450779,missing_volume
81,2023-05-19T10:36:00,494.1,510.62,505.9816456541769,45.20859966527867,-5.51087727920509,-1.0837979592078866,-4.427079319997203,19.824015643673405,,-9.802847754654975,-63.22434285150659,missing_volume
82,2023-05-19T10:37:00,495.45,509.6725,504.9786317823505,45.789082817760104,-5.529168581135082,-1.9728720835933256,-3.556296497541756,19.093728811982448,,-4.967871871103869,-64.9043604387638,missing_volume
83,2023-05-19T10:38:00,502.45,510.06000000000006,504.7378097078409,48.81705213263987,-4.922084346679867,-2.562714536210634,-2.359369810469233,18.772748182555134,,-4.18573607932875,-28.024597023614664,missing_volume
84,2023-05-19T10:39:00,514.45,510.33500000000004,505.66278021185605,53.601547117611005,-3.433091463882363,-2.73678992174498,-0.696301542137383,18.696123312372624,,-0.058280718795522546,8.667089900355963,missing_volume
85,2023-05-19T10:40:00,544.5,510.76000000000005,509.3615630488221,62.94324998955818,0.16977294815421828,-2.15547734776514,2.3252502959193584,19.678543075774574,,5.892648774795783,101.29513526689516,missing_volume
86,2023-05-19T10:41:00,554.7,511.96000000000004,513.6795094251248,65.48357201811005,3.804270445354973,-0.9635277891411174,4.767798234496091,20.212218570362104,,8.551859099804314,168.49237077738096,missing_volume
87,2023-05-19T10:42:00,532.0,512.46,515.4243180513034,56.24297373763847,4.797631499340014,0.1887040685551089,4.608927430784905,20.38991724390767,,8.927108927108929,99.05317287138588,missing_volume
88,2023-05-19T10:43:00,541.55,512.9175,517.9124782368935,58.87241307423632,6.283055327968327,1.4075743204377527,4.875481007530574,20.719208869342836,,8.309999999999995,84.64089957420764,missing_volume
89,2023-05-19T10:44:00,525.1,511.78249999999997,518.5970041190942,52.96800719401819,6.062996443526572,2.3386587450555165,3.7243376984710554,20.70712252153263,,7.558377714051634,67.26176882366353,missing_volume
90,2023-05-19T10:45:00,533.15,512.3725000000001,519.9830037267996,55.32905183819228,6.463656902228536,3.1636583764901203,3.2999985257384155,19.924470912851728,,9.656519950637588,74.12503337379124,missing_volume
91,2023-05-19T10:46:00,515.55,511.93,519.5608128956758,49.48052378458836,5.2999161573116,3.5909099326544163,1.7090062246571835,20.269151561933747,,4.861181734974052,35.65925599823892,missing_volume
92,2023-05-19T10:47:00,516.85,512.0350000000001,519.3026402389447,49.901765274949234,4.4314592642022035,3.7590197989639735,0.67243946523823,19.67849787893848,,5.221905537459293,21.494642975976106,missing_volume
93,2023-05-19T10:48:00,520.8,512.365,519.4452459304738,51.232350069010764,4.015643074282252,3.8103444540276294,0.20529862025462275,19.08360517330002,,5.403764420157842,33.69886041556675,missing_volume
94,2023-05-19T10:49:00,514.85,512.5575,519.0076034609049,49.11618606765693,3.169454970222091,3.682166557266522,-0.5127115870444308,18.941919089492878,,3.915632253506929,11.585779327714855,missing_volume
95,2023-05-19T10:50:00,517.4,514.0074999999999,518.8544983693902,50.068085699749744,2.6737867408846796,3.4804905939901536,-0.806703853105474,18.417496297386236,,2.975420439844756,19.01339618419918,missing_volume
96,2023-05-19T10:51:00,514.6,514.7375,518.4493080484958,48.984476927272716,2.0316103590290595,3.1907145469979348,-1.1591041879688753,18.70196084757293,,0.029157352512387824,-4.831493538148258,missing_volume
97,2023-05-19T10:52:00,508.6,515.7574999999999,517.5112787105438,46.65433981975995,1.0266959816888175,2.757910833936111,-1.7312148522472937,18.108963644174864,,-6.593204775022954,-18.908544065852073,missing_volume
98,2023-05-19T10:53:00,506.5,516.7725,516.4625855000158,45.832570461023664,0.06014829594721505,2.2183583263383317,-2.1582100303911167,17.361894812448085,,-8.689381647737527,-48.19020883841607,missing_volume
99,2023-05-19T10:54:00,516.6,518.02,516.4756725952525,50.36119175168719,0.10789414562600541,1.7962654901958666,-1.6883713445698612,17.443188040130366,,-2.894736842105261,-12.877035328641096,missing_volume
100,2023-05-19T10:55:00,519.7,519.4449999999999,516.7827513957046,51.69605082873804,0.39136574699114135,1.5152855415549216,-1.1239197945637802,16.979388894406764,,-4.034715169421088,-15.724715372440548,missing_volume
101,2023-05-19T10:56:00,523.1,520.895,517.3843941199233,53.18307777669803,0.8802239446761178,1.3882732221791607,-0.508049277503043,16.638003973377714,,-0.3808798324128726,-8.50947785532167,missing_volume
102,2023-05-19T10:57:00,522.95,522.27,517.9144518227878,53.105404442809984,1.2412356500456099,1.3588657077524506,-0.11763005770684076,16.23886083242216,,-1.9131576479414658,-4.811498873255556,missing_volume
103,2023-05-19T10:58:00,510.35,522.665,517.1940278396652,46.90800597288871,0.5048062380126339,1.1880538138044874,-0.6832475757918535,16.65394220153486,,-1.0086315585297156,-69.31964056482569,missing_volume
104,2023-05-19T10:59:00,506.0,522.2425000000001,516.1279299501732,44.95737532420178,-0.42492969720433393,0.8654571116027231,-1.2903868088070571,16.50366061571094,,-2.099255103027964,-112.53725068318708,missing_volume
105,2023-05-19T11:00:00,502.0,520.1175000000001,514.7824128120615,43.17926487616216,-1.4676011028903986,0.3988454687040987,-1.8664465715944973,16.04268485744587,,-3.6098310291858615,-132.91382088865018,missing_volume
106,2023-05-19T11:01:00,500.1,517.3875,513.3840877823413,42.32299151041899,-2.4193510520417476,-0.1647938354450706,-2.254557216596677,15.800350224771163,,-2.864912110323392,-183.54298039992486,missing_volume
107,2023-05-19T11:02:00,495.3,515.5525,511.66179370783266,40.15646037026214,-3.5203591198721256,-0.8359068923304818,-2.6844522275416436,15.621753780144653,,-4.271356783919589,-151.42736435512077,missing_volume
108,2023-05-19T11:03:00,504.95,513.7225000000001,511.02257525946766,46.127209319057606,-3.5730536559800044,-1.383336245060386,-2.1897174109196182,15.448771367277176,,-1.8752429071123289,-102.78522316746226,missing_volume
109,2023-05-19T11:04:00,503.8,512.6575,510.3347109490422,45.544035183553184,-3.6653578804977656,-1.839740572147862,-1.8256173083499037,14.713144841043091,,-0.9437672040896627,-87.57276039941192,missing_volume
110,2023-05-19T11:05:00,502.55,511.12749999999994,509.59330990627626,44.879849784488,-3.7956206446584133,-2.2309165866499723,-1.564704058008441,14.112205923825728,,-0.7798617966436328,-92.44564866782855,missing_volume
111,2023-05-19T11:06:00,498.4,510.27,508.5272803913928,42.65573102038803,-4.1854775607995975,-2.6218287814798975,-1.5636487793197,13.775619786409607,,-3.5230352303523116,-110.60036216743408,missing_volume
112,2023-05-19T11:07:00,513.45,510.1,508.99611083030777,51.95462423453296,-3.242653463066347,-2.7459937177971874,-0.49665974526915946,14.009504087380353,,-1.2026168943621296,-13.744627866811355,missing_volume
113,2023-05-19T11:08:00,508.4,509.48,508.93933837027845,49.07872244886374,-2.869869301445476,-2.7707688345268453,-0.09910046691863084,13.794539509710328,,-2.81017013955267,-7.997625159341193,missing_volume
114,2023-05-19T11:09:00,515.05,509.48999999999995,509.5213061445376,52.7850541863651,-2.014612544603551,-2.6195375765421867,0.6049250319386354,13.637786687588163,,-1.5106606750167506,27.37445834577191,missing_volume
115,2023-05-19T11:10:00,513.4,509.28999999999996,509.89070555934353,51.77803545620007,-1.4532049710709884,-2.386271055447947,0.9330660843769585,13.674373352760439,,0.5976290780836502,72.66823892788517,missing_volume
116,2023-05-19T11:11:00,504.65,508.7925,509.39159074416796,46.690960077087766,-1.6948006901429835,-2.2479769823869544,0.5531762922439709,13.61548954184898,,-0.266798418972336,3.453223413827659,missing_volume
117,2023-05-19T11:12:00,506.7,508.69750000000005,509.1352487685329,47.980455024566766,-1.7012383539156986,-2.1386292566927034,0.4373909027770049,13.307240288859768,,0.936254980079676,-43.89626818469367,missing_volume
118,2023-05-19T11:13:00,500.25,508.38500000000005,508.2890346001012,44.34581069278305,-2.2014246904450943,-2.1511883434431818,-0.050236347001912485,13.574580268226928,,0.029994001199762366,-62.88851665736126,missing_volume
119,2023-05-19T11:14:00,487.0,506.90500000000003,506.2615074953297,37.9807576397105,-3.625201168461615,-2.4459909084468685,-1.1792102600147465,13.64782453478215,,-1.6757520694528627,-164.35992252157024,missing_volume
120,2023-05-19T11:15:00,476.55,504.74750000000006,503.4318401148221,33.853698885163595,-5.533000959859635,-3.0633929187294218,-2.469608041130213,14.083694210869139,,-5.624319239528663,-235.27950410110233,missing_volume
121,2023-05-19T11:16:00,494.45,503.31499999999994,502.5764267705533,44.898584180382564,-5.5367415262272175,-3.558062640228981,-1.9786788859982365,14.767001767235627,,-1.8558951965065518,-157.33035532019602,missing_volume
122,2023-05-19T11:17:00,475.5,500.9425,499.9977194590721,37.71820290743386,-6.988256311543978,-4.24410137449198,-2.7441549370519978,15.337215926718796,,-5.38254900009949,-176.66867375839152,missing_volume
123,2023-05-19T11:18:00,450.0,497.925,495.2360318915414,30.6214954215667,-10.08003278082009,-5.411287655757603,-4.668745125062488,16.063129074810313,,-9.71107544141252,-289.92545260915915,missing_volume
124,2023-05-19T11:19:00,446.95,494.9725,490.6373621875851,29.89693123022855,-12.630797447280656,-6.855189614062214,-5.775607833218443,15.780048426609577,,-12.951601908657128,-258.84100538478424,missing_volume
125,2023-05-19T11:20:00,435.55,491.65,485.3909467411484,27.297037029553067,-15.394720790549968,-8.563095849359765,-6.831624941190203,16.07075925328032,,-14.329268292682917,-224.65441411377589,missing_volume
126,2023-05-19T11:21:00,454.2,489.355,482.42038038484856,36.95601909760624,-15.897000096068098,-10.029876698701433,-5.867123397366665,16.612133592331723,,-11.814386952723034,-139.4653206206768,missing_volume
127,2023-05-19T11:22:00,449.1,487.04499999999996,479.2470108243868,35.56455300742595,-16.516198981062985,-11.327141155173743,-5.1890578258892415,16.33269547859374,,-12.524347487339293,-110.32062077975192,missing_volume
128,2023-05-19T11:23:00,457.5,484.6725,477.17586693634996,39.59848932858157,-16.143022050719253,-12.290317334282845,-3.852704716436408,16.76964580155133,,-9.343109085504796,-83.5323501900608,missing_volume
129,2023-05-19T11:24:00,448.2,481.89250000000004,474.41626056145947,36.8480206569907,-16.408561241467396,-13.113966115719755,-3.294595125747641,17.036099672869092,,-11.545293072824158,-85.15592813513186,missing_volume
130,2023-05-19T11:25:00,465.4,480.035,473.5575690794157,44.52290714777683,-15.057532844002594,-13.502679461376323,-1.5548533826262716,17.62280683909273,,-6.966516741629192,-59.216101694915196,missing_volume
131,2023-05-19T11:26:00,472.15,478.7225,473.4235148813761,47.233137919432224,-13.288977457453257,-13.45993906059171,0.1709616031384531,17.639034922014677,,-3.049281314168384,-21.557595357560196,missing_volume
132,2023-05-19T11:27:00,485.05,477.30249999999995,474.5307991783879,52.0539079331375,-10.72285597274987,-12.912522443023342,2.1896664702734725,18.000532427585057,,1.7836533417269873,14.006067283456806,missing_volume
133,2023-05-19T11:28:00,496.3,476.69750000000005,476.6040563994938,55.84273518517479,-7.692728245728745,-11.868563603564422,4.175835357835677,18.032637254186124,,0.3741530994033848,43.75594722971652,missing_volume
134,2023-05-19T11:29:00,493.75,475.6325,478.23700340906584,54.785934694305155,-5.434448935433181,-10.581740669938174,5.147291734504993,17.505306021744257,,3.83806519453207,60.0049322092232,missing_volume
135,2023-05-19T11:30:00,496.6,474.7925,479.98586022725004,55.79288459782518,-3.3758603141425283,-9.140564598779045,5.764704284636517,16.822784163048237,,10.355555555555561,77.76739676647907,missing_volume
136,2023-05-19T11:31:00,498.5,474.485,481.74911163417863,56.48859869241235,-1.5729676870442972,-7.627045216432096,6.054077529387799,16.3211567228305,,11.53372860498938,80.04493100398493,missing_volume
137,2023-05-19T11:32:00,512.6,474.78000000000003,484.6872914785426,61.34976976594961,0.9822669089676879,-5.905182791352139,6.887449700319827,16.205359814056898,,17.690276661692117,122.32014956175514,missing_volume
138,2023-05-19T11:33:00,510.8,475.3075,487.1742160996338,60.421724779448,2.8294476675643523,-4.158256699568841,6.987704367133193,16.04783411305283,,12.461470717745481,133.8423428855793,missing_volume
139,2023-05-19T11:34:00,500.1,475.9625,488.4052431377639,55.08712150504579,3.3908633882019785,-2.648432682014677,6.039296070216656,16.022988819263343,,11.356045424181694,87.20445494850891,missing_volume
140,2023-05-19T11:35:00,506.75,477.4725,490.1523628389292,57.59304958321467,4.322561022454238,-1.2542339411208938,5.576794963575132,15.621346760744531,,10.765027322404364,90.53182366015243,missing_volume
141,2023-05-19T11:36:00,501.2,477.81000000000006,491.2045187590312,54.84279249002757,4.560528559005718,-0.09128144109557135,4.651810000101289,15.14839342069135,,11.82507809013833,75.51381354769589,missing_volume
142,2023-05-19T11:37:00,513.4,479.70500000000004,493.31837411531393,59.42915901838884,5.668217898936234,1.0606184269107897,4.607599472025445,15.062793890641968,,10.31370863773098,82.82789214910662,missing_volume
143,2023-05-19T11:38:00,510.4,482.725,494.94519562814116,57.87261678415502,6.232154357298498,2.094925612988331,4.137228744310167,14.626165755596112,,8.10123901302553,85.64850742407756,missing_volume
144,2023-05-19T11:39:00,506.75,485.715,496.06946271117533,55.952459521537286,6.31179512259888,2.938299514910441,3.3734956076884393,14.48858248733925,,4.47376559117616,66.87129361981096,missing_volume
145,2023-05-19T11:40:00,508.15,489.34499999999997,497.2199900720158,56.54797567714633,6.413943356123696,3.633428283153092,2.7805150729706036,14.017969452529302,,2.387668748740679,68.12032689966975,missing_volume
146,2023-05-19T11:41:00,494.65,491.3675,496.97522911277616,49.58615638044116,5.343957574912338,3.975534141504941,1.3684234334073966,14.180971634491495,,0.1822784810126432,29.55848728049559,missing_volume
147,2023-05-19T11:42:00,488.15,493.32,496.1347311020356,46.610687167145926,3.926231306727857,3.965673574549524,-0.039442267821667265,14.20375937488496,,-1.7015706806282838,-18.556353757039552,missing_volume
148,2023-05-19T11:43:00,498.4,495.36499999999995,496.3504709970798,51.548116282817084,3.5883975489567206,3.8902183694309636,-0.30182082047424297,14.039205133821747,,-0.020060180541625616,-3.2617735731364936,missing_volume
149,2023-05-19T11:44:00,492.05,497.5575,495.94090233069124,48.552457768950624,2.776266854988421,3.6674280665424552,-0.8911612115540342,13.800690481405908,,-4.008973858759268,-15.734426211804287,missing_volume
150,2023-05-19T11:45:00,479.65,498.27,494.38938782300636,43.26497889758996,1.1191699653552405,3.157776446305012,-2.0386064809497717,14.032784018448345,,-6.098277212216141,-121.7301122498776,missing_volume
151,2023-05-19T11:46:00,477.9,498.5575,492.818969935101,42.56053637237191,-0.3314805318257754,2.4599250506788546,-2.79140558250463,13.79115658855918,,-4.439112177564497,-171.23986602810922,missing_volume
152,2023-05-19T11:47:00,468.0,497.70500000000004,490.45525851271043,38.719723523191114,-2.253996100479526,1.5171408204471784,-3.771136920926704,13.64535968937638,,-7.646768623581646,-199.52029952029923,missing_volume
153,2023-05-19T11:48:00,462.8,496.03000000000003,487.8214243686428,36.83919873978109,-4.149368741442117,0.3838389080693192,-4.533207649511437,13.363548282992353,,-7.661612130885864,-201.30400580902875,missing_volume
154,2023-05-19T11:49:00,472.2,494.9525,486.3336696668673,42.29512522660127,-4.837203502977559,-0.6603695741400564,-4.176833928837502,13.684009119921468,,-8.024931827035452,-127.63755792504605,missing_volume
155,2023-05-19T11:50:00,484.15,494.33000000000004,486.12570112716566,48.397719653541984,-4.367704202152311,-1.4018364997425072,-2.9658677024098035,13.878008468498503,,-5.143025078369911,-76.24396717126884,missing_volume
156,2023-05-19T11:51:00,470.0,492.90500000000003,484.58992006743557,42.64651560344302,-5.078863391509742,-2.137241878095954,-2.941621513413788,14.111722149320038,,-7.2520966946225895,-90.57835530210933,missing_volume
157,2023-05-19T11:52:00,476.4,491.09499999999997,483.80992768006075,45.7846009649168,-5.067619298937814,-2.723317362264326,-2.344301936673488,13.975170567225748,,-6.248155072321159,-85.80257445638816,missing_volume
158,2023-05-19T11:53:00,473.25,489.21750000000003,482.8042202819597,44.494203084095375,-5.252341228701198,-3.2291221355517004,-2.0232190931494975,13.63051552670962,,-4.32629131709289,-72.01177473080799,missing_volume
159,2023-05-19T11:54:00,466.15,487.52,481.2181040646302,41.64514646621468,-5.903592413231536,-3.7640161910876673,-2.1395762221438686,13.246192989087504,,-4.506811430912627,-90.6855256954266,missing_volume
160,2023-05-19T11:55:00,470.65,485.715,480.21161796323685,44.08877670101084,-5.987580179878023,-4.208728988845738,-1.7788511910322846,12.735750632724113,,-5.567817014446231,-78.39993892896662,missing_volume
161,2023-05-19T11:56:00,455.7,483.43999999999994,477.8771781572143,38.3440444924954,-7.177740621781936,-4.802531315432978,-2.3752093063489585,13.247482730386674,,-7.387460623920338,-115.29162199767349,missing_volume
162,2023-05-19T11:57:00,462.0,480.87,476.3650659517653,41.78635897108335,-7.525840789976883,-5.347193210341759,-2.1786475796351237,13.054805392501912,,-3.6797664964036247,-92.40493062777648,missing_volume
163,2023-05-19T11:58:00,456.85,478.1925,474.5064882420734,39.82876029458026,-8.12363048540061,-5.902480665353529,-2.2211498200470814,12.590176435894634,,-4.40468717304875,-106.85807521250537,missing_volume
164,2023-05-19T11:59:00,453.0,475.505,472.45825126663783,38.381170441476065,-8.806529756910322,-6.483290483664888,-2.3232392732454343,12.508735261902158,,-3.205128205128205,-124.42617432841772,missing_volume
165,2023-05-19T12:00:00,445.0,472.3475,469.8431797174342,35.49433685804687,-9.879382123399012,-7.162508811611713,-2.7168733117872987,12.783111314623435,,-3.8461538461538436,-153.99059563581156,missing_volume
166,2023-05-19T12:01:00,435.55,469.39250000000004,466.5771626014881,32.394744390410416,-11.361196574369956,-8.002246364163362,-3.3589502102065936,12.980746220721763,,-7.761541719610332,-191.14972311131416,missing_volume
167,2023-05-19T12:02:00,445.6,467.265,464.5793375918226,38.54150613630187,-11.590980584966928,-8.719993208324075,-2.8709873766428533,12.771407204955922,,-7.962408344521322,-147.56899071734838,missing_volume
168,2023-05-19T12:03:00,448.55,464.77250000000004,463.052734011649,40.25855356526203,-11.403592210534669,-9.256713008766194,-2.146879201768474,12.627020976030499,,-4.563829787234042,-99.85309229678738,missing_volume
169,2023-05-19T12:04:00,443.25,462.3325,461.1667593438729,38.19396435188381,-11.54961451306741,-9.715293309626437,-1.8343212034409735,12.575090906314033,,-6.958438287153646,-100.61877858488033,missing_volume
170,2023-05-19T12:05:00,441.2,460.41,459.265163215885,37.39513634533654,-11.695932675871518,-10.111421182875453,-1.5845114929960644,12.266155841577316,,-6.772319070258847,-106.477028599703,missing_volume
171,2023-05-19T12:06:00,449.6,458.995,458.34467148103886,42.684916043751194,-11.007196960964507,-10.290576338493263,-0.7166206224712433,12.425716138607507,,-3.550359326397068,-71.78704127856705,missing_volume
172,2023-05-19T12:07:00,443.9,457.78999999999996,456.9689884828447,40.202563225644,-10.796851919815538,-10.391831454757718,-0.4050204650578202,11.991736414421254,,-5.6836290236906395,-77.35007459352268,missing_volume
173,2023-05-19T12:08:00,444.95,456.89750000000004,455.82432291304997,40.884570570849576,-10.425249942621178,-10.39851515233041,-0.026734790290769084,11.763755241962594,,-2.359008119376782,-60.86871069182415,missing_volume
174,2023-05-19T12:09:00,448.95,455.735,455.1696254927595,43.52699605395633,-9.69621420615698,-10.258054963095724,0.5618407569387429,11.348487010393836,,-2.82467532467533,-47.653576562479806,missing_volume
175,2023-05-19T12:10:00,448.0,453.92749999999995,454.4868040172586,43.03498836771374,-9.09031766954081,-10.02450750438474,0.9341898348439308,11.123595081079994,,-1.937178504979753,-52.54355244252846,missing_volume
176,2023-05-19T12:11:00,457.4,453.2975,454.76425125371014,49.15875082287098,-7.762161492197151,-9.572038301947222,1.8098768097500706,11.250481146717135,,0.9713024282560712,2.317349967461925,missing_volume
177,2023-05-19T12:12:00,471.95,453.075,456.4009892295473,56.88484383146271,-5.472441849068105,-8.752119011371398,3.279677162303294,11.625446779094483,,6.056179775280901,117.67775603392015,missing_volume
178,2023-05-19T12:13:00,470.95,452.96000000000004,457.78660930292375,56.2521342461927,-3.6959100278237997,-7.740877214661879,4.044967186838079,11.505772009159163,,8.127654689473074,149.2557018846748,missing_volume
179,2023-05-19T12:14:00,470.2,453.1625,458.96883698835956,55.75128311655545,-2.3217507943381293,-6.657051930597129,4.335301136259,11.669645437076365,,5.520646319569122,106.60683121416116,missing_volume
180,2023-05-19T12:15:00,470.5,453.15500000000003,460.0670429894682,55.920347641500925,-1.1947399898198228,-5.564589542441668,4.3698495526218455,11.475385048713767,,4.89354587002564,138.3862904467531,missing_volume
181,2023-05-19T12:16:00,471.2,453.93,461.12732460951884,56.33952874305182,-0.24229859038445056,-4.500131352030225,4.2578327616457745,11.23428611666278,,6.30569655950366,123.30756107299722,missing_volume
182,2023-05-19T12:17:00,473.85,454.52250000000004,462.33900798004083,57.96906888116122,0.7180734301462053,-3.4564903955949386,4.174563825741144,10.981837108329728,,7.400271985494111,126.23490361076657,missing_volume
183,2023-05-19T12:18:00,474.35,455.39750000000004,463.4829119819417,58.28542286108438,1.5022045182525972,-2.4647514128254313,3.9669559310780285,10.690277314877603,,5.504893238434172,117.32342611202509,missing_volume
184,2023-05-19T12:19:00,475.6,456.5275,464.6369203646139,59.113945138886535,2.1991481967604614,-1.5319714909082527,3.731119687668714,10.705257506672059,,7.141248028835334,97.7816614883858,missing_volume
185,2023-05-19T12:20:00,471.95,457.875,465.33340413941255,55.63888520221493,2.4289570822379574,-0.7397857762790107,3.168742858516968,10.651310541909767,,6.068097539049333,85.3720322667338,missing_volume
186,2023-05-19T12:21:00,451.5,458.6725,464.0159370785161,41.07109277070188,0.9499873249084771,-0.40183115604151304,1.3518184809499902,11.422645503201926,,0.5679919812896728,-0.9535262682252957,missing_volume
187,2023-05-19T12:22:00,460.15,459.4,463.64775259484793,47.35047940922418,0.47045275919560936,-0.22737437299408852,0.6978271321896978,11.403170824401787,,2.712053571428563,-11.622483581035683,missing_volume
188,2023-05-19T12:23:00,485.9,461.26750000000004,465.76701425248143,60.756557470937274,2.1435188087459665,0.24680426335392253,1.896714545392044,12.427944336944517,,6.2308701355487495,97.06040596722924,missing_volume
189,2023-05-19T12:24:00,482.0,463.20500000000004,467.31301289510225,58.33385513144783,3.118786866840992,0.8212007840513365,2.2975860827896555,12.765234027162764,,2.1294628668291127,116.78396984731326,missing_volume
190,2023-05-19T12:25:00,476.2,464.95500000000004,468.1593926193782,54.83206911007118,3.384665979401632,1.3338938231213957,2.050772156280236,13.085574453793996,,1.1147680220830347,85.68837841922299,missing_volume
191,2023-05-19T12:26:00,464.9,465.71999999999997,467.8489742746755,48.69841996607502,2.652979631927451,1.5977109848826068,1.0552686470448442,13.547319135665854,,-1.1271799234368385,12.56817446020797,missing_volume
192,2023-05-19T12:27:00,475.4,467.29499999999996,468.56811958184926,53.86293769415192,2.887094549069559,1.8555876977199972,1.0315068513495618,13.636796340261151,,1.041445270988306,31.79165248522014,missing_volume
193,2023-05-19T12:28:00,480.3,469.0625,469.68544152643506,56.084742634095804,3.428499745701515,2.170170107316301,1.2583296383852143,13.55559660167107,,1.9312393887945811,103.60487527751965,missing_volume
194,2023-05-19T12:29:00,478.7,470.55,470.5439709048698,55.150808054258256,3.6859710565020123,2.473330297153443,1.2126407593485693,13.53019684440885,,1.0235306531602761,92.61289726751477,missing_volume
195,2023-05-19T12:30:00,474.75,471.8875,470.944545104406,52.81266229306766,3.530588510188977,2.68478193976055,0.8458065704284272,13.188754212665362,,0.08432591967955094,39.54859946224787,missing_volume
196,2023-05-19T12:31:00,484.0,473.21750000000003,472.18792176112925,57.370503831948845,4.106507158972931,2.9691269836030263,1.137380175369905,13.535986054617837,,1.766190075693852,96.18508275165748,missing_volume
197,2023-05-19T12:32:00,508.8,475.06000000000006,475.6747863553074,66.66672359413397,6.489275249513355,3.673156636785092,2.816118612728263,15.297701336430848,,7.808030511706754,308.451348458809,missing_volume
198,2023-05-19T12:33:00,508.75,476.95,478.824806702421,66.63517335024228,8.27817588740669,4.594160486909411,3.6840154004972785,15.390722669542932,,12.67995570321152,258.5977475067554,missing_volume
199,2023-05-19T12:34:00,515.7,479.225,482.336729873619,68.84244821659124,10.139813983905412,5.703291186308611,4.436522797596801,15.08781390743272,,12.072150385743786,234.24940194777983,missing_volume
200,2023-05-19T12:35:00,521.2,481.76000000000005,486.03799369517907,70.50537450802045,11.921555353140548,6.946944019674999,4.974611333465549,14.663684342616095,,7.264869314673805,207.66096169519238,missing_volume
201,2023-05-19T12:36:00,508.6,483.63,488.1867562004001,62.301805330400924,12.176520182562456,7.99285925225249,4.183660930309966,14.96270688957209,,5.518672199170127,145.99504541701037,missing_volume
202,2023-05-19T12:37:00,502.9,485.0825,489.58801751464773,58.95966543043391,11.782814334587442,8.75085026871948,3.031964065867962,14.75108496888837,,5.606887862242749,86.35561690087818,missing_volume
203,2023-05-19T12:38:00,507.1,486.71999999999997,491.25582537039554,60.63533976991,11.675120985494914,9.335704412074566,2.3394165734203476,14.768864613967772,,9.077220907722094,71.64346854718782,missing_volume
204,2023-05-19T12:39:00,512.6,488.57,493.28860390654836,62.77857483816429,11.896442481385407,9.847852025936735,2.0485904554486716,14.610374284398642,,7.824989482541023,88.4574416577901,missing_volume
205,2023-05-19T12:40:00,537.2,491.8325,497.47064162973425,70.51191297611746,13.896663682081623,10.657614357165713,3.2390493249159107,15.502490406941597,,11.846762440141578,139.43758392022423,missing_volume
206,2023-05-19T12:41:00,517.55,495.13500000000005,499.38296147452144,59.82047772304757,13.737900649213032,11.273671615575177,2.4642290336378547,16.70231252073148,,8.115730102360551,116.41851690610922,missing_volume
207,2023-05-19T12:42:00,504.0,497.3275,499.8226794293289,53.76642626835054,12.376044704381968,11.494146233336535,0.8818984710454334,16.766433054964946,,6.161137440758302,42.85973575671098,missing_volume
208,2023-05-19T12:43:00,504.4,498.25249999999994,500.25861472177377,53.9146999358701,11.199934836444413,11.43530395395811,-0.23536911751369693,16.304544979610306,,4.214876033057857,28.77553964382152,missing_volume
209,2023-05-19T12:44:00,506.6,499.48249999999996,500.86255617684293,54.77380055462228,10.326345226676324,11.213512208501752,-0.8871669818254286,15.968506052495286,,-0.432389937106914,17.07107210462913,missing_volume
210,2023-05-19T12:45:00,501.85,500.765,500.95659844571503,52.49827228384695,9.145312395927192,10.79987224598684,-1.6545598500596483,15.610041334459911,,-1.3562653562653515,2.675940248625467,missing_volume
211,2023-05-19T12:46:00,509.5,502.995,501.7702557365993,55.69094469229441,8.726038099517723,10.385105416693017,-1.6590673171752943,15.57003838199849,,-1.2022493697886438,22.04093884776155,missing_volume
212,2023-05-19T12:47:00,500.2,504.235,501.6207075712089,51.186830537589536,7.556224470142638,9.81932922738294,-2.2631047572403027,15.315035640427169,,-4.029163468917895,-12.225009826965922,missing_volume
213,2023-05-19T12:48:00,482.0,504.32,499.7520687549033,43.73259406628234,5.101741148322901,8.875811611570933,-3.774070463248032,15.953247380396657,,-5.230043255996863,-112.68848120497285,missing_volume
214,2023-05-19T12:49:00,474.45,504.10749999999996,497.342347921103,41.06120661815929,2.5182942021869508,7.604308129694137,-5.086013927507186,15.828015424654039,,-5.657188307814676,-184.6012778824565,missing_volume
215,2023-05-19T12:50:00,484.35,504.5875,496.1049814524265,45.74149280038594,1.2552711623119421,6.334500736217698,-5.079229573905756,15.486728608607322,,-4.486294616446463,-148.0393935894686,missing_volume
216,2023-05-19T12:51:00,476.0,504.1875,494.19022131410014,42.664187318052385,-0.41467875396978116,4.984664838180202,-5.399343592149983,15.409105136563944,,-7.140070230198992,-180.53291586643226,missing_volume
217,2023-05-19T12:52:00,489.45,503.21999999999997,493.73877166513824,48.656151234077974,-0.645383916253536,3.8586550872934544,-4.504039003546991,15.376311912523661,,-8.888682055100528,-100.27108227395915,missing_volume
218,2023-05-19T12:53:00,489.2,502.2425,493.3065076970298,48.554578810380725,-0.8387240415042925,2.919179261533905,-3.7579033030381974,14.931575347343399,,-5.477731620133319,-84.80662226242336,missing_volume
219,2023-05-19T12:54:00,474.35,500.175,491.5011260115984,42.834489767813835,-2.1652586234927185,1.9022916845285802,-4.067550308021299,15.350748536818871,,-5.882936507936498,-116.03311879860529,missing_volume
220,2023-05-19T12:55:00,482.7,498.25,490.6629235343033,46.64098350451418,-2.513794166378375,1.019074514347189,-3.532868680725564,15.007837927046095,,-4.302141157811256,-91.11084210951047,missing_volume
221,2023-05-19T12:56:00,479.5,496.79499999999996,489.59978795960774,45.39350536863767,-3.0134867522132254,0.21256226103510623,-3.2260490132483315,14.596563789399946,,-5.3493880773786024,-69.4260182230351,missing_volume
222,2023-05-19T12:57:00,483.2,495.81000000000006,488.990284344407,47.15352572200642,-3.075485367870556,-0.4450472647460262,-2.6304381031245296,14.221809233014238,,-3.7162498754607975,-66.6433986776028,missing_volume
223,2023-05-19T12:58:00,486.45,494.7775,488.7483525020825,48.71707823619404,-2.8297522562873496,-0.9219882630542908,-1.9077639932330588,14.213108573513217,,-4.524043179587833,-49.50979825200564,missing_volume
224,2023-05-19T12:59:00,486.0,493.44750000000005,488.4866046447413,48.503095004428346,-2.6408758611006533,-1.2657657826635633,-1.37511007843709,13.926457961119416,,-2.838864454218315,-44.90801971864843,missing_volume
225,2023-05-19T13:00:00,485.45,490.86,488.197404202385,48.224290864962036,-2.506674971867767,-1.513947620504404,-0.992727351363363,13.849568106753745,,0.7157676348547692,-13.911827926103669,missing_volume
226,2023-05-19T13:01:00,484.4,489.2025,487.8357466593007,47.66103653161232,-2.456726412248031,-1.7025033788531294,-0.7542230333949016,13.506741813414193,,2.0971651385815138,-49.024166338805706,missing_volume
227,2023-05-19T13:02:00,482.0,488.10249999999996,487.2799612631768,46.329053342254994,-2.58104903462862,-1.8782125100082276,-0.7028365246203925,13.570545969598891,,-0.4851863321977956,-59.76489049416279,missing_volume
228,2023-05-19T13:03:00,478.6,486.8125,486.4532982857314,44.43449548411284,-2.920264205614785,-2.0866228491295393,-0.8336413564852458,13.315506971770398,,0.546218487394956,-80.43441631052538,missing_volume
229,2023-05-19T13:04:00,453.6,484.1625,483.32441273470937,33.56542562353422,-5.147053707605494,-2.6987090208247304,-2.4483446867807634,14.335827902358226,,-7.324547961998151,-204.0855517415204,missing_volume
230,2023-05-19T13:05:00,456.0,481.87,480.7220877123561,35.204037096113325,-6.641580483152552,-3.4872833132902947,-3.1542971698622573,14.258268766475496,,-6.786590351594435,-248.22868882118857,missing_volume
231,2023-05-19T13:06:00,455.6,479.175,478.32950793022695,35.04887367970491,-7.768727324585086,-4.343572115549253,-3.4251552090358333,14.186249568870103,,-3.9527774849794417,-212.8529505512026,missing_volume
232,2023-05-19T13:07:00,447.6,476.54499999999996,475.4028881273482,32.01009861174974,-9.201463712321925,-5.315150434903787,-3.8863132774181377,14.440803171093668,,-7.271597265382224,-218.72647707990365,missing_volume
233,2023-05-19T13:08:00,465.0,475.695,474.41213687712457,43.486827469273464,-8.831083802858473,-6.018337108494724,-2.8127466943637485,14.823602944586973,,-3.023983315954115,-104.69267596071657,missing_volume
234,2023-05-19T13:09:00,473.75,475.66,474.3490762221603,48.220268712399836,-7.742255283445729,-6.3631207434849255,-1.3791345399608037,14.729059877116475,,-1.9557119205298013,-36.90576652601951,missing_volume
235,2023-05-19T13:10:00,465.0,474.6925,473.458688010526,44.23061701030105,-7.498959374692731,-6.590288469726486,-0.9086709049662449,14.405555600179582,,-4.409497378970084,-38.54283227651335,missing_volume
236,2023-05-19T13:11:00,474.65,474.625,473.57214629523776,49.22057699084109,-6.453084125673286,-6.5628476009158465,0.10976347524256092,14.426587343023897,,-2.3353909465020584,-4.928836462313835,missing_volume
237,2023-05-19T13:12:00,482.8,474.2925,474.4509895052151,53.04200552492214,-4.909984325151754,-6.232274945763028,1.3222906206112741,14.485402532807905,,-0.5458852610979448,40.22714095699387,missing_volume
238,2023-05-19T13:13:00,489.4,474.30249999999995,475.8747047904327,55.934094745800884,-3.1185530361374845,-5.60953056383792,2.4909775277004353,14.36858806617877,,1.0322047894302244,101.31823559236074,missing_volume
239,2023-05-19T13:14:00,485.0,474.83500000000004,476.7437805246772,53.565552373516944,-2.0304680884922277,-4.893718068768782,2.863249980276554,14.113688918594573,,0.6224066390041472,90.61122428083307,missing_volume
240,2023-05-19T13:15:00,471.1,474.255,476.2062776175651,46.820471858780955,-2.2636725530038575,-4.367708965615797,2.104036412611939,14.505568281552105,,-1.5670706226493913,-4.075241127574829,missing_volume
241,2023-05-19T13:16:00,444.15,472.4875,473.1532987968446,37.073072079327794,-4.57044331519387,-4.408255835531412,-0.1621874796624585,15.690884832869813,,-2.083333333333348,-130.46995919515925,missing_volume
242,2023-05-19T13:17:00,450.2,470.8375,470.96727034000224,40.08847039940871,-5.843036438673835,-4.695211956159897,-1.147824482513938,15.345107344807685,,-1.271929824561402,-115.95869503227837,missing_volume
243,2023-05-19T13:18:00,459.55,469.4925,469.879911260002,44.51369089302036,-6.027626077426817,-4.96169478041328,-1.0659312970135364,15.39902824874999,,0.8669885864793558,-78.40036985668053,missing_volume
244,2023-05-19T13:19:00,456.05,467.995,468.56277685428756,43.226578461156684,-6.3827589730033765,-5.2459076189313,-1.1368513540720766,15.152669088124991,,1.8878462913315408,-57.74926655343295,missing_volume
245,2023-05-19T13:20:00,457.7,466.60749999999996,467.52822667768874,44.047949656142784,-6.45663507098493,-5.488053109342026,-0.9685819616429043,14.473907010401776,,-1.569892473118284,-52.472708623342605,missing_volume
246,2023-05-19T13:21:00,458.95,465.33500000000004,466.711252708385,44.70066683996023,-6.341220218167223,-5.658686531107065,-0.6825336870601575,14.007913652515935,,-3.1240105540897067,-45.034730173269196,missing_volume
247,2023-05-19T13:22:00,459.45,464.2075,466.019704831396,44.97716780816962,-6.138644818174271,-5.754678188520506,-0.3839666296537647,13.568062677336222,,-1.1935483870967767,-40.480259692797034,missing_volume
248,2023-05-19T13:23:00,458.2,463.1875,465.2749710379297,44.37973894928084,-6.009690931362968,-5.8056807370889985,-0.2040101942739696,13.077486771812206,,-3.4657115769514357,-34.77693667713749,missing_volume
249,2023-05-19T13:24:00,456.85,463.35,464.47259284384114,43.70454409183672,-5.947864485213245,-5.834117486713848,-0.11374699849939685,12.864809145254188,,-5.374896437448218,-58.652100784359426,missing_volume
250,2023-05-19T13:25:00,469.8,464.03999999999996,464.97996495395154,51.35067736632991,-4.7985945973726984,-5.627012908845618,0.8284183114729196,13.317322777736031,,-4.004903964037587,2.2534086371151427,missing_volume
251,2023-05-19T13:26:00,478.6,465.18999999999994,466.2771111488133,55.749019494937286,-3.141490330860904,-5.129908393248675,1.9884180623877707,12.998228293612026,,-1.3195876288659703,77.17866894759364,missing_volume
252,2023-05-19T13:27:00,479.55,466.7875,467.54119580130725,56.209296993653574,-1.7316053319600542,-4.450247780990951,2.718642449030897,12.54835484406831,,1.7936743791127086,80.3936395217588,missing_volume
253,2023-05-19T13:28:00,468.9,466.98249999999996,467.6706057249923,49.93823978913549,-1.4568338333116913,-3.851564991455099,2.394731158143408,12.82347235520629,,5.572441742654499,35.18716284673707,missing_volume
254,2023-05-19T13:29:00,479.8,467.285,468.8257861321359,55.420159748822556,-0.3554392536491946,-3.1523398438939183,2.7969005902447237,12.8289386155487,,6.574855619724573,54.34146860211651,missing_volume
255,2023-05-19T13:30:00,479.35,468.00249999999994,469.8280922147896,55.15165263002118,0.47562988145557483,-2.4267458988240196,2.9023757802795944,12.416157285866648,,4.308562724404319,69.02627981163582,missing_volume
256,2023-05-19T13:31:00,480.4,468.28999999999996,470.8349405752858,55.69108943186018,1.2050928234156686,-1.7003781543760819,2.9054709777917505,12.26500319401903,,5.339326828198665,80.9732787204992,missing_volume
257,2023-05-19T13:32:00,476.1,467.95500000000004,471.336374806211,52.885681180179496,1.4198561788155644,-1.0763312877377524,2.496187466553317,12.363931537303383,,4.02010050251258,40.14975664545109,missing_volume
258,2023-05-19T13:33:00,476.0,467.285,471.78052958657184,52.819043921931325,1.5639601617776862,-0.5482729978346647,2.1122331596123507,11.991507856067425,,3.7150016341649383,70.66865718551118,missing_volume
259,2023-05-19T13:34:00,482.0,467.13500000000005,472.75381248308884,56.37117110196026,2.1376717135369177,-0.011084055560348194,2.148755769097266,12.095685866348322,,4.908042224398734,102.18345314056522,missing_volume
260,2023-05-19T13:35:00,482.3,467.695,473.6629731989851,56.54732528951664,2.586731513763823,0.508479058304486,2.078252455459337,11.828136875894868,,5.25971191619381,99.96406386364785,missing_volume
261,2023-05-19T13:36:00,483.85,469.68,474.6331662276532,57.50205937608986,3.0327272944115293,1.0133287055258946,2.0193985888856347,11.74041281333095,,5.910036116887385,94.5153213926933,missing_volume
262,2023-05-19T13:37:00,488.5,471.59499999999997,475.9538170631148,60.31885929904188,3.7185333642133855,1.5543696372633928,2.164163726949993,11.683954755235886,,3.980417198807995,95.63849703935907,missing_volume
263,2023-05-19T13:38:00,495.75,473.40500000000003,477.83916781900865,64.29273631589398,4.791816941816421,2.2018590981739985,2.5899578436424227,11.83152941557618,,3.5833681571249443,145.4595336076816,missing_volume
264,2023-05-19T13:39:00,505.2,475.8625,480.44496136005546,68.69363529726755,6.331947187040271,3.027876715947253,3.3040704710930178,12.261420171606455,,5.348764466687506,173.35788227370955,missing_volume
265,2023-05-19T13:40:00,501.4,478.0475,482.44067932576445,65.21302312818952,7.163309092135421,3.8549631911848867,3.3083459009505343,11.84989015934885,,6.9311153764128886,164.2804935723807,missing_volume
266,2023-05-19T13:41:00,506.9,480.445,484.7701384375964,67.75930949657948,8.171774298781088,4.718325412704127,3.453448886076961,11.97489800510965,,5.6481867444768685,176.88462400234835,missing_volume
267,2023-05-19T13:42:00,490.0,481.9725,485.2682204911587,54.54721094169593,7.52060858548316,5.278782047259933,2.2418265382232265,12.755262433316101,,2.2217586314801308,75.42860199523919,missing_volume
268,2023-05-19T13:43:00,486.55,483.39,485.39029473009595,52.30506611163882,6.6495174017257455,5.552929118153096,1.0965882835726495,12.869172259507806,,1.2801831806827701,34.55772572097077,missing_volume
269,2023-05-19T13:44:00,482.2,484.65749999999997,485.0864571367535,49.54002146418126,5.544252030955988,5.551193700713674,-0.006941669757686064,12.907088526685818,,1.281243436252888,-16.58586120043393,missing_volume
270,2023-05-19T13:45:00,491.6,485.74750000000006,485.7067945523008,55.06767216780309,5.364978569173843,5.513950674405708,-0.14897210523186466,12.82801077477969,,3.2773109243697585,20.961665506097862,missing_volume
271,2023-05-19T13:46:00,485.45,486.09,485.68233792827215,51.12189614292911,4.672784505735763,5.345717440671718,-0.6729329349359556,12.379581433723999,,0.7157676348547692,13.962569997053114,missing_volume
272,2023-05-19T13:47:00,499.05,487.06499999999994,486.95544860177006,58.24672915445256,5.1621163989881325,5.308997232335001,-0.1468808333468683,12.695325617029429,,3.4729421521874304,75.64098413143803,missing_volume
273,2023-05-19T13:48:00,494.75,488.35749999999996,487.6977868301729,55.49244688863174,5.14364860710333,5.275927507288666,-0.1322789001853364,12.45637378724161,,2.2527642864524022,61.37537759005373,missing_volume
274,2023-05-19T13:49:00,497.2,489.22749999999996,488.60275951301355,56.74741104913582,5.266004056685347,5.2739428171680025,-0.007938760482655738,12.16306137386721,,1.7809621289662125,65.83258862079248,missing_volume
275,2023-05-19T13:50:00,488.4,489.68,488.5834490832027,51.16673769038048,4.599860844173406,5.139126422569083,-0.5392655783956766,12.065699847162406,,-1.482602118003029,20.450469335941992,missing_volume
276,2023-05-19T13:51:00,489.5,490.13500000000005,488.6707396467072,51.80476511769755,4.113282989992513,4.9339577360537685,-0.8206747460612558,12.278864143793664,,-3.1076801266824994,-29.073478580289684,missing_volume
277,2023-05-19T13:52:00,478.0,490.23,487.6544787279732,45.161497034535664,2.7678070872582907,4.500727606294673,-1.732920519036382,12.71251670495126,,-4.666932588751493,-86.3766060544664,missing_volume
278,2023-05-19T13:53:00,462.1,489.535,485.2207188491186,37.92089587280705,0.41374127073135014,3.683330339182008,-3.269589068450658,13.043765511740459,,-8.838035115407372,-217.56557204134816,missing_volume
279,2023-05-19T13:54:00,468.8,488.875,483.65684086348824,42.13119698687492,-0.900854354988951,2.766493400347816,-3.667347755336767,13.079925118044713,,-4.326530612244895,-194.62207093041008,missing_volume
280,2023-05-19T13:55:00,465.0,488.01000000000005,481.87999887648937,40.45533964990392,-2.2236759494422813,1.7684595303897965,-3.992135479832078,12.831359038184377,,-4.429143972870209,-166.12203595207228,missing_volume
281,2023-05-19T13:56:00,452.2,486.42749999999995,479.0533323168237,35.35401415553356,-4.255816219177007,0.5636043804764359,-4.8194205996534425,12.829119106885495,,-6.221484861053506,-198.44528429203848,missing_volume
282,2023-05-19T13:57:00,437.2,483.8625,475.06730066760235,30.500270392514256,-6.996030775588281,-0.9483226507365075,-6.0477081248517734,13.330610599250818,,-11.06590724165989,-210.9445416040148,missing_volume
283,2023-05-19T13:58:00,439.0,481.025,471.6323196516402,31.711842971334406,-8.919605932029185,-2.542579306995043,-6.3770266250341425,13.214138413590044,,-9.568441652075387,-199.1863379128641,missing_volume
284,2023-05-19T13:59:00,430.8,477.305,467.74352730386494,29.213373418800543,-10.979163608077954,-4.229896167211626,-6.749267440866328,12.998842812619326,,-13.675984370303574,-166.39639222227356,missing_volume
285,2023-05-19T14:00:00,438.25,474.14750000000004,464.9346199415921,34.27954878904121,-11.873356504035485,-5.758588234576398,-6.114768269459087,13.470354040289372,,-11.41990904497221,-132.33872435284994,missing_volume
286,2023-05-19T14:01:00,397.45,468.675,458.50751328048807,24.104842604133577,-15.693326932446269,-7.745535974150372,-7.947790958295896,15.461757323125846,,-20.06234915526951,-185.28585841060524,missing_volume
287,2023-05-19T14:02:00,404.45,464.39750000000004,453.35917868234634,28.050652866115858,-17.9489353657317,-9.786215852466638,-8.162719513265062,15.35020322861686,,-17.188779688779686,-173.77051447857065,missing_volume
288,2023-05-19T14:03:00,395.45,459.84250000000003,447.8440188078372,26.166982406031202,-20.22955239618915,-11.874883161211141,-8.354669234978008,15.61090299800137,,-19.21348314606742,-158.16076001249905,missing_volume
289,2023-05-19T14:04:00,402.1,455.8375,443.48744558804316,29.912127518300906,-21.255340070807506,-13.750974543130415,-7.504365527677091,15.635124212429842,,-15.878661087866108,-129.66551442351533,missing_volume
290,2023-05-19T14:05:00,394.35,450.975,438.80768886537237,28.121825579063955,-22.43502739341949,-15.48778511318823,-6.94724228023126,15.907615340113423,,-14.661328716727983,-109.35117736744016,missing_volume
291,2023-05-19T14:06:00,377.25,445.56499999999994,432.945051830575,24.62034159636222,-24.467716579016724,-17.283771406353928,-7.183945172662796,16.496357101533896,,-19.52858361774744,-133.93156197665408,missing_volume
292,2023-05-19T14:07:00,386.95,439.96000000000004,428.5645707038536,29.948605491638816,-25.007655780507264,-18.828548281184595,-6.179107499322669,16.396617308567187,,-16.78494623655914,-117.06272008668026,missing_volume
293,2023-05-19T14:08:00,383.7,434.40749999999997,424.2917544463437,29.203759249918445,-25.404956798421438,-20.143829984631964,-5.261126813789474,16.13971607224096,,-15.148164528969488,-96.10359289925053,missing_volume
294,2023-05-19T14:09:00,385.5,428.82250000000005,420.59730164193,30.238612958179253,-25.28312760392771,-21.171689508491113,-4.111438095436597,15.986879209938035,,-11.825251601097897,-89.86339915148264,missing_volume
295,2023-05-19T14:10:00,398.2,424.3125,418.46422529507953,37.212253505803154,-23.88644515691493,-21.714640638175876,-2.171804518739055,15.862816409228175,,-9.293849658314357,-64.08362467032914,missing_volume
296,2023-05-19T14:11:00,388.6,419.26750000000004,415.6200133622148,34.41194507620215,-23.285780047068272,-22.028868519954354,-1.2569115271139175,15.976186665711877,,-9.795728876508814,-67.84247411728535,missing_volume
297,2023-05-19T14:12:00,411.85,415.96000000000004,415.2609644705753,45.17291589313659,-20.695107610042385,-21.76211633797196,1.0670087279295757,16.506459046732456,,-6.023958927552764,-30.169670823725873,missing_volume
298,2023-05-19T14:13:00,424.4,414.075,416.13134880671095,49.94672102647132,-17.42839720940907,-20.89537251225938,3.4669753028503116,16.67028340053728,,6.78072713548874,11.116357223201854,missing_volume
299,2023-05-19T14:14:00,398.85,410.5775,414.48550606321464,41.940385011468365,-16.70857114384836,-20.058012238577177,3.3494410947288173,17.32597744335604,,-1.3845963654345317,-15.891466696390228,missing_volume
300,2023-05-19T14:15:00,373.65,406.01,410.5964102476704,35.83841649468815,-17.964450196256962,-19.639299830113135,1.674849633856173,18.25983619740204,,-5.512707042609688,-86.71452709160022,missing_volume
301,2023-05-19T14:16:00,363.5,401.575,406.11103784313036,33.71096844642649,-19.553364551320612,-19.62211277435463,0.06874822303401729,19.37341932615904,,-9.599602089032588,-142.1744324970131,missing_volume
302,2023-05-19T14:17:00,370.9,398.26,402.75760566759413,36.66298055331286,-19.98509671495941,-19.694709562475587,-0.29038715248382374,19.243175088576255,,-5.946494231013066,-139.27925619010998,missing_volume
303,2023-05-19T14:18:00,377.15,395.1675,400.31878608020423,39.1285819104588,-19.597022521628446,-19.67517215430616,0.07814963267771446,19.140091153677947,,-0.026507620941029764,-93.75266827949334,missing_volume
304,2023-05-19T14:19:00,357.45,391.5,396.2360445487562,34.56159369710609,-20.641157868487312,-19.86836929714239,-0.7727885713449218,19.644370356986663,,-7.623723995348241,-125.2040175768991,missing_volume
305,2023-05-19T14:20:00,370.8,388.1275,393.8135641155413,39.69808556875335,-20.159028492168886,-19.92650113614769,-0.23252735602119756,19.923343902916187,,-3.3620015637216505,-104.5507283743714,missing_volume
306,2023-05-19T14:21:00,364.15,386.4625,390.988462771204,38.09404253094986,-20.082043613376186,-19.95760963159339,-0.12443398178279708,19.36810505270789,,-5.538261997405969,-116.96131181142755,missing_volume
307,2023-05-19T14:22:00,360.25,384.2525,388.06099012632745,37.14608869237095,-20.103983738386205,-19.98688445295195,-0.11709928543425363,18.827526120371612,,-9.530386740331487,-105.72661388295428,missing_volume
308,2023-05-19T14:23:00,360.25,382.4925,385.41232440001056,37.146088692370945,-19.89206806723007,-19.967921175807575,0.07585310857750471,18.043417111773643,,-7.29541945445188,-100.71180872421994,missing_volume
309,2023-05-19T14:24:00,363.25,380.55,383.30162683810477,38.51115109300529,-19.260030797039576,-19.826343100053975,0.5663123030143993,17.793887318075527,,-11.800412771640168,-100.94554159186129,missing_volume
310,2023-05-19T14:25:00,366.8,379.1725,381.73004332971385,40.167118914914624,-18.26216648794974,-19.51350777763313,1.2513412896833884,17.983609652498703,,-13.572101790763424,-80.9665352340514,missing_volume
311,2023-05-19T14:26:00,360.15,378.3175,379.67480110783634,38.0973210079688,-17.802732439654903,-19.171352710037485,1.368620270382582,17.93478039160594,,-9.702895825498315,-76.25666503929652,missing_volume
312,2023-05-19T14:27:00,355.5,376.745,377.3724390975662,36.674225009155556,-17.61083701788931,-18.85924957160785,1.2484125537185413,17.282296077919803,,-4.857486953030909,-92.05674690965922,missing_volume
313,2023-05-19T14:28:00,360.65,375.59250000000003,375.77982585017895,39.375250464811614,-16.848972091800704,-18.45719407564642,1.6082219838457164,16.526417786639815,,-0.7840440165061913,-73.43807756636164,missing_volume
314,2023-05-19T14:29:00,369.0,374.76750000000004,375.1341281501619,43.57734313816674,-15.393961427864667,-17.84454754609007,2.4505861182254023,16.56738794473697,,-0.51226745753572,-42.54363809844538,missing_volume
315,2023-05-19T14:30:00,363.75,373.04499999999996,374.04992546919414,41.623834799858244,-14.497369466913426,-17.17511193025474,2.677742463341314,16.259003091541473,,-3.5529630120641587,-29.144364379742502,missing_volume
316,2023-05-19T14:31:00,367.9,372.01,373.4642182816518,43.769680779096326,-13.298645059137812,-16.399818556031356,3.1011734968935443,15.754788585002796,,2.9234858022100907,-40.569020021075005,missing_volume
317,2023-05-19T14:32:00,374.35,370.135,373.54857844530403,47.02879186780645,-11.693392089408917,-15.458533262706869,3.765141173297952,15.708017971788308,,0.9573894282632223,-4.089137713375795,missing_volume
318,2023-05-19T14:33:00,364.05,367.1175,372.64395192670366,42.7660418495598,-11.124109653417236,-14.591648540848942,3.467538887431706,16.582445259517716,,-0.027461211039392364,-0.5835347399128108,missing_volume
319,2023-05-19T14:34:00,367.35,365.5425,372.13976602892234,44.50171135246149,-10.288072307230948,-13.730933294125343,3.442860986894395,16.53727059812359,,1.9708535739070054,36.62183910427899,missing_volume
320,2023-05-19T14:35:00,365.2,365.12,371.47883593092973,43.57454990615161,-9.687324274666423,-12.92221149023356,3.234887215567136,16.12389412682905,,1.3740458015267132,14.27926851925478,missing_volume
321,2023-05-19T14:36:00,346.25,364.2575,369.07608965179355,36.38009467448994,-10.617936793031333,-12.461356550793115,1.8434197577617812,17.34004454634126,,-4.679972470750171,-259.4845062264688,missing_volume
322,2023-05-19T14:37:00,345.9,363.0075,366.8688430182894,36.26101203863054,-11.253967264194387,-12.219878693473369,0.9659114292789823,16.955041364459742,,-5.697928026172305,-282.0843246100976,missing_volume
323,2023-05-19T14:38:00,351.0,361.7,365.35752463559515,39.37504263573958,-11.217193789872624,-12.01934171275322,0.8021479228805966,16.976109838426904,,-2.5406080799666775,-174.56267861204174,missing_volume
324,2023-05-19T14:39:00,349.15,361.28499999999997,363.8139508607766,38.63762358224105,-11.208129742584902,-11.857099318719557,0.6489695761346557,16.917101992824982,,-1.786216596343182,-115.11870946996012,missing_volume
325,2023-05-19T14:40:00,345.65,360.02750000000003,362.08405077879786,37.21751456830077,-11.352502585962554,-11.756179972168157,0.4036773862056027,16.544451850480343,,-4.159157077498965,-123.6039942188941,missing_volume
326,2023-05-19T14:41:00,326.45,358.14250000000004,358.69033165700756,30.577976225331565,-12.867865895321529,-11.978517156798832,-0.8893487385226972,16.85913386116032,,-11.531165311653124,-203.24134030726822,missing_volume
327,2023-05-19T14:42:00,330.45,356.65250000000003,356.0007762611021,33.24967414543236,-13.589385685898264,-12.300690862618719,-1.2886948232795454,16.779910013934582,,-9.154639175257739,-172.46726395589235,missing_volume
328,2023-05-19T14:43:00,321.65,354.72249999999997,352.72927376004475,30.471313480931958,-14.701808476966676,-12.78091438548831,-1.920894091478365,17.027773584367825,,-12.571350910573532,-178.74495513498698,missing_volume
329,2023-05-19T14:44:00,328.6,352.99,350.43124768765955,35.08485145112364,-14.851406863393834,-13.195012881069415,-1.6563939823244187,16.618646899770123,,-12.221183384533186,-146.40108606924122,missing_volume
330,2023-05-19T14:45:00,325.15,350.90749999999997,348.02350981264436,33.882946249153015,-15.074580449758173,-13.570926394807167,-1.5036540549510065,15.93874354978654,,-10.685345419585236,-125.27355871304911,missing_volume
331,2023-05-19T14:46:00,328.0,349.3,346.1165088781068,35.838350441479854,-14.850291032240136,-13.82679932229376,-1.0234917099463754,15.7216904390875,,-10.711855178984631,-118.4186851010232,missing_volume
332,2023-05-19T14:47:00,312.0,347.125,342.8673175563823,30.40223822695333,-15.781684895640694,-14.217776436963147,-1.5639084586775471,16.17014112200982,,-14.567360350492875,-121.78943032647442,missing_volume
333,2023-05-19T14:48:00,309.25,344.555,339.6656682652983,29.571970680225544,-16.55093439094719,-14.684408027759956,-1.8665263631872353,15.736559613294835,,-10.685920577617324,-129.18211020509017,missing_volume
334,2023-05-19T14:49:00,315.7,341.89,337.3832236686032,34.116617096837615,-16.450478190507056,-15.037622060309376,-1.4128561301976799,15.183948212345204,,-8.730847065625902,-109.11791481002332,missing_volume
335,2023-05-19T14:50:00,322.25,339.815,335.94196427159335,38.45953486859125,-15.661796230726225,-15.162456894392745,-0.49933933633347927,14.76366619717769,,-8.190883190883191,-78.23109474432296,missing_volume
336,2023-05-19T14:51:00,322.45,337.5425,334.6570152933464,38.59264144445343,-14.84944659009193,-15.099854833532582,0.2504082434406527,14.751975754522142,,-7.647143061721318,-60.909821453929986,missing_volume
337,2023-05-19T14:52:00,325.1,335.08000000000004,333.7468233606467,40.43112067701786,-13.83236984497853,-14.846357835821772,1.0139879908432423,14.169691772056277,,-5.945320410820177,-50.31927364335995,missing_volume
338,2023-05-19T14:53:00,323.9,333.0725,332.80903065963275,39.84931331894859,-12.973607496585089,-14.471807767974436,1.4982002713893472,13.561142359766546,,-0.7811303415530713,-48.64583013833065,missing_volume
339,2023-05-19T14:54:00,332.0,331.30499999999995,332.7319801206201,45.545517181630025,-11.506786767825702,-13.87880356794469,2.3720168001189883,13.667489334068936,,0.46905734604327787,-21.899432702250365,missing_volume
340,2023-05-19T14:55:00,334.65,329.77750000000003,332.9146486805611,47.303725715711906,-10.015040763608795,-13.106051007077511,3.091010243468716,13.455525810206868,,4.041660189647134,44.018148986262254,missing_volume
341,2023-05-19T14:56:00,317.25,328.3275,331.4227773776505,38.51122953774363,-10.120196563568697,-12.508880118375748,2.3886835548070504,13.937273966620662,,-3.454047474132693,-52.07390109453713,missing_volume
342,2023-05-19T14:57:00,314.8,326.7725,329.83965572263617,37.4555442436734,-10.282695306402559,-12.06364315598111,1.780947849578551,13.788182969004902,,-3.1831462401968214,-84.08738147041052,missing_volume
343,2023-05-19T14:58:00,317.45,325.09499999999997,328.6596885109565,39.39085071376124,-10.081431411968708,-11.667200807178629,1.5857693952099208,13.871169899790265,,-3.216463414634152,-68.75093187685891,missing_volume
344,2023-05-19T14:59:00,318.7,323.5725,327.7111467480083,40.32878972510556,-9.709142817617703,-11.275589209266444,1.566446391648741,13.783943478376674,,2.14743589743589,-112.43072050672978,missing_volume
345,2023-05-19T15:00:00,321.7,322.375,327.1386565815313,42.62369575609444,-9.06750197796822,-10.833971763006799,1.7664697850385789,13.485090372778341,,4.025869037995156,-34.345024636287306,missing_volume
346,2023-05-19T15:01:00,332.85,322.695,327.6825940499569,50.27771325254365,-7.571999873080756,-10.18157738502159,2.6095775119408344,15.068298203294173,,5.432372505543248,9.095307208515262,missing_volume
347,2023-05-19T15:02:00,321.5,322.2475,327.09377556900864,43.86321078897708,-7.219432698333264,-9.589148447683925,2.369715749350661,16.209848331630305,,-0.2327385570209506,-77.089463007,missing_volume
348,2023-05-19T15:03:00,311.45,321.7375,325.603892181484,39.105674357861595,-7.662641519276633,-9.203847062002467,1.5412055427258338,15.934144879370999,,-3.4113816095518668,-118.39818662636985,missing_volume
349,2023-05-19T15:04:00,302.5,320.4325,323.4035214975332,35.42111475971108,-8.636521461391453,-9.090381941880263,0.4538604804888102,16.02099167370164,,-6.951707167025534,-180.87046275589168,missing_volume
350,2023-05-19T15:05:00,303.4,319.34499999999997,321.4984242120538,36.07339110738402,-9.22931604326044,-9.118168762156298,-0.11114728110414163,15.394492268437238,,-6.329113924050633,-205.72222983291968,missing_volume
351,2023-05-19T15:06:00,302.85,318.0875,319.72238381090585,35.835183524002424,-9.632453495798643,-9.221025708884767,-0.41142778691387605,15.398457106406006,,-8.7801204819277,-174.40820490694387,missing_volume
352,2023-05-19T15:07:00,301.9,317.5825,318.0250139241529,35.40035123767531,-9.914313853248302,-9.359683337757474,-0.5546305154908282,14.937853027377004,,-9.78634394143134,-152.6895079721574,missing_volume
353,2023-05-19T15:08:00,295.6,316.9,315.88929831232883,32.5772395564974,-10.524725086540798,-9.592691687514138,-0.9320333990266594,14.520863525421502,,-6.824271079590217,-154.04115717268056,missing_volume
354,2023-05-19T15:09:00,291.65,315.6975,313.5807937111547,30.912683501481226,-11.198127333860612,-9.913778816783433,-1.284348517077179,14.201516130748534,,-7.353875476493021,-167.40832603832314,missing_volume
355,2023-05-19T15:10:00,284.1,313.79,310.7730990719971,27.97081164524056,-12.200386902742423,-10.371100433975231,-1.829286468767192,13.726407835695063,,-10.505591431721516,-170.22191459014994,missing_volume
356,2023-05-19T15:11:00,265.9,310.9625,306.49947058894975,22.429467458074306,-14.298449107390695,-11.156570168658323,-3.141878938732372,14.21023584743113,,-16.56730467524318,-207.56059653534524,missing_volume
357,2023-05-19T15:12:00,264.4,307.9275,302.489997199526,22.041885674129556,-15.898942867643427,-12.105044708455344,-3.7938981591880836,14.198790429757475,,-17.81162573826547,-198.53908624835566,missing_volume
358,2023-05-19T15:13:00,265.1,304.9875,298.9290450852854,22.713070168635184,-16.915865980460865,-13.067208962856448,-3.848657017604417,13.82030539906051,,-20.35451404536578,-170.78571610374414,missing_volume
359,2023-05-19T15:14:00,259.7,301.3725,295.19294555335347,21.19694758021401,-17.950596442292635,-14.043886458743685,-3.90670998354895,13.508140727699045,,-19.222395023328154,-152.83874743927439,missing_volume
360,2023-05-19T15:15:00,268.95,298.0875,292.69361740541507,29.836697192282045,-17.818825762049244,-14.798874319404797,-3.0199514426444463,13.36470210429197,,-13.645850056188792,-115.57010887394712,missing_volume
361,2023-05-19T15:16:00,261.3,295.29,289.7037490810898,27.182395805024473,-18.122779493915004,-15.46365535430684,-2.6591241396081653,13.331509096842542,,-13.619834710743795,-103.602189908289,missing_volume
362,2023-05-19T15:17:00,262.65,292.6825,287.12720154955747,28.39302688774577,-18.046700172796534,-15.980264318004778,-2.066435854791756,12.868544161353785,,-13.43111404087014,-95.0275995467541,missing_volume
363,2023-05-19T15:18:00,255.5,289.585,284.1150871162663,25.933800260281327,-18.35180383661765,-16.454572221727354,-1.8972316148902948,12.581505292685657,,-15.63480270761104,-101.74506026838331,missing_volume
364,2023-05-19T15:19:00,247.95,286.0475,280.6707931051933,23.60849119614603,-18.983987005291,-16.960455178440082,-2.023531826850917,12.439969200350967,,-17.87015568068897,-115.35237856510588,missing_volume
365,2023-05-19T15:20:00,247.15,282.32,277.47833661898443,23.369385711434973,-19.326763140231208,-17.433716770798306,-1.893046369432902,12.040685686040185,,-16.390392422192157,-107.77941518653525,missing_volume
366,2023-05-19T15:21:00,254.15,278.385,275.25659027431925,30.045583304152355,-18.816667369711638,-17.710306890580974,-1.1063604791306645,11.948493851323027,,-12.857877593005307,-84.05179098580074,missing_volume
367,2023-05-19T15:22:00,262.0,275.40999999999997,273.9940578672412,36.70522738072326,-17.576373904265154,-17.68352029331781,0.10714638905265517,11.666458576228523,,-7.778951073565654,-58.83753891909488,missing_volume
368,2023-05-19T15:23:00,261.65,272.91999999999996,272.81843330845635,36.53820825839674,-16.432253680291183,-17.433266970712484,1.0010132904213016,11.29028296364077,,-1.5983452425723965,-48.042449678745676,missing_volume
369,2023-05-19T15:24:00,260.7,270.83000000000004,271.66429680288906,36.05859920331556,-15.424384517003432,-17.031490479970675,1.6071059629672426,10.76597703766643,,-1.3993948562783576,-46.38548752834477,missing_volume
370,2023-05-19T15:25:00,259.0,268.61,270.458173297852,35.16896851132017,-14.594579508535787,-16.5441082856837,1.9495287771479113,10.8076929635474,,-2.3010184835911107,-55.77341512286858,missing_volume
371,2023-05-19T15:26:00,263.85,266.65999999999997,269.8288234599613,39.73700064198266,-13.391232798100589,-15.913533188167076,2.522300390066487,10.464286323294013,,1.5979976896419057,-31.554113830728475,missing_volume
372,2023-05-19T15:27:00,263.0,264.71500000000003,269.1784593209174,39.215486966428564,-12.363639417581851,-15.20355443405003,2.8399150164681792,10.009694443058724,,-2.212307120282575,-23.501902594674824,missing_volume
373,2023-05-19T15:28:00,255.65,262.71750000000003,267.89003462368714,34.94472521560509,-12.003973499311257,-14.563638247102276,2.559664747791018,9.830430554268817,,-2.1622655951014202,-51.55993431855505,missing_volume
374,2023-05-19T15:29:00,256.6,260.96500000000003,266.81479323095505,35.91616784172966,-11.50960306762562,-13.952831211206945,2.443228143581326,9.4389712289639,,-2.303445650104685,-53.193554649582694,missing_volume
