trade_id,method,side,action,status,primary_line_id,line_ids,candidate_bar,candidate_at,confirmation_bar,confirmed_at,signal_price,entry_bar,entry_at,entry_phase,entry_price,quantity,atr_at_signal,stop_price,target_price,risk_per_unit,planned_risk,planned_reward,exit_bar,exit_at,exit_phase,exit_price,exit_reason,ambiguous_exit,entry_fee,exit_fee,borrow_cost,total_costs,gross_pnl,net_pnl,return_percent,unrealized_gross_pnl,unrealized_net_pnl,marked_bar,marked_at,mark_price,exit_signal_bar,pending_exit_reason
T0001,ta,long,BUY,closed,down-6-9,"[""down-6-9""]",14,2023-05-19T09:29:00,15,2023-05-19T09:30:00,343.65,15,2023-05-19T09:30:00,close,343.65,1.0,16.291581632653063,311.0668367346939,408.81632653061223,32.5831632653061,32.5831632653061,65.16632653061225,23,2023-05-19T09:38:00,open,408.81632653061223,take_profit,False,0.0,0.0,0.0,0.0,65.16632653061225,65.16632653061225,18.96299331605187,,,,,,,
T0002,ta,short,SELL,closed,up-32-57,"[""up-32-57""]",61,2023-05-19T10:16:00,62,2023-05-19T10:17:00,514.4,62,2023-05-19T10:17:00,close,514.4,1.0,22.47626692654713,559.3525338530942,424.4949322938115,44.952533853094224,44.952533853094224,89.9050677061885,86,2023-05-19T10:41:00,intrabar,559.3525338530942,stop_loss,False,0.0,0.0,0.0,0.0,-44.952533853094224,-44.952533853094224,-8.73882850954398,,,,,,,
T0003,ta,long,BUY,closed,down-50-69,"[""down-50-69"", ""down-55-69""]",85,2023-05-19T10:40:00,86,2023-05-19T10:41:00,554.7,86,2023-05-19T10:41:00,close,554.7,1.0,20.212218570362104,514.2755628592759,635.5488742814484,40.424437140724194,40.424437140724194,80.84887428144839,91,2023-05-19T10:46:00,intrabar,514.2755628592759,stop_loss,False,0.0,0.0,0.0,0.0,-40.424437140724194,-40.424437140724194,-7.287621622629203,,,,,,,
T0004,ta,short,SELL,closed,up-13-78,"[""up-13-78"", ""up-18-78"", ""up-13-91"", ""up-18-91"", ""up-78-91""]",94,2023-05-19T10:49:00,95,2023-05-19T10:50:00,517.4,95,2023-05-19T10:50:00,close,517.4,1.0,18.417496297386236,554.2349925947724,443.73001481045503,36.834992594772416,36.834992594772416,73.66998518954495,124,2023-05-19T11:19:00,open,443.73001481045503,take_profit,False,0.0,0.0,0.0,0.0,73.66998518954495,73.66998518954495,14.238497330797246,,,,,,,
T0005,ta,long,BUY,closed,down-114-121,"[""down-114-121""]",131,2023-05-19T11:26:00,132,2023-05-19T11:27:00,485.05,132,2023-05-19T11:27:00,close,485.05,1.0,18.000532427585057,449.0489351448299,557.0521297103403,36.001064855170114,36.001064855170114,72.00212971034028,165,2023-05-19T12:00:00,intrabar,449.0489351448299,stop_loss,False,0.0,0.0,0.0,0.0,-36.001064855170114,-36.001064855170114,-7.422134801601921,,,,,,,
T0006,ta,short,SELL,closed,up-125-161,"[""up-125-161"", ""up-129-161"", ""up-13-161"", ""up-18-161""]",164,2023-05-19T11:59:00,165,2023-05-19T12:00:00,445.0,165,2023-05-19T12:00:00,close,445.0,1.0,12.783111314623435,470.56622262924685,393.86755474150624,25.56622262924685,25.56622262924685,51.13244525849376,177,2023-05-19T12:12:00,intrabar,470.56622262924685,stop_loss,False,0.0,0.0,0.0,0.0,-25.56622262924685,-25.56622262924685,-5.7452185683700785,,,,,,,
T0007,ta,long,BUY,closed,down-142-177,"[""down-142-177"", ""down-148-177""]",181,2023-05-19T12:16:00,182,2023-05-19T12:17:00,473.85,182,2023-05-19T12:17:00,close,473.85,1.0,10.981837108329728,451.88632578334057,517.7773484333189,21.963674216659456,21.963674216659456,43.92734843331891,186,2023-05-19T12:21:00,intrabar,451.88632578334057,stop_loss,False,0.0,0.0,0.0,0.0,-21.963674216659456,-21.963674216659456,-4.635153364283941,,,,,,,
T0008,ta,short,SELL,closed,up-166-170,"[""up-166-170""]",186,2023-05-19T12:21:00,187,2023-05-19T12:22:00,460.15,187,2023-05-19T12:22:00,close,460.15,1.0,11.403170824401787,482.9563416488036,414.53731670239284,22.806341648803595,22.806341648803595,45.612683297607134,188,2023-05-19T12:23:00,intrabar,482.9563416488036,stop_loss,False,0.0,0.0,0.0,0.0,-22.806341648803595,-22.806341648803595,-4.956284178812039,,,,,,,
T0009,ta,long,BUY,closed,down-86-142,"[""down-86-142"", ""down-142-184"", ""down-148-184"", ""down-155-184""]",188,2023-05-19T12:23:00,189,2023-05-19T12:24:00,482.0,189,2023-05-19T12:24:00,close,482.0,1.0,12.765234027162764,456.4695319456745,533.060936108651,25.530468054325524,25.530468054325524,51.06093610865105,205,2023-05-19T12:40:00,intrabar,533.060936108651,take_profit,False,0.0,0.0,0.0,0.0,51.06093610865105,51.06093610865105,10.593555209263704,,,,,,,
T0010,ta,short,SELL,closed,up-186-191,"[""up-186-191"", ""up-195-202""]",207,2023-05-19T12:42:00,208,2023-05-19T12:43:00,504.4,208,2023-05-19T12:43:00,close,504.4,1.0,16.304544979610306,537.0090899592205,439.1818200815587,32.60908995922057,32.60908995922057,65.21817991844125,282,2023-05-19T13:57:00,intrabar,439.1818200815587,take_profit,False,0.0,0.0,0.0,0.0,65.21817991844125,65.21817991844125,12.929853274869402,,,,,,,
T0011,ta,short,SELL,closed,up-241-278,"[""up-241-278"", ""up-249-278""]",281,2023-05-19T13:56:00,282,2023-05-19T13:57:00,437.2,282,2023-05-19T13:57:00,close,437.2,1.0,13.330610599250818,463.86122119850165,383.8775576029967,26.661221198501664,26.661221198501664,53.32244239700327,291,2023-05-19T14:06:00,intrabar,383.8775576029967,take_profit,False,0.0,0.0,0.0,0.0,53.32244239700327,53.32244239700327,12.196350045060218,,,,,,,
T0012,ta,long,BUY,closed,down-298-310,"[""down-298-310""]",313,2023-05-19T14:28:00,314,2023-05-19T14:29:00,369.0,314,2023-05-19T14:29:00,close,369.0,1.0,16.56738794473697,335.86522411052607,435.26955177894786,33.13477588947393,33.13477588947393,66.26955177894786,321,2023-05-19T14:36:00,intrabar,335.86522411052607,stop_loss,False,0.0,0.0,0.0,0.0,-33.13477588947393,-33.13477588947393,-8.979614062188057,,,,,,,
T0013,ta,short,SELL,closed,up-312-318,"[""up-312-318""]",321,2023-05-19T14:36:00,322,2023-05-19T14:37:00,345.9,322,2023-05-19T14:37:00,close,345.9,1.0,16.955041364459742,379.81008272891944,278.079834542161,33.91008272891946,33.91008272891946,67.82016545783898,356,2023-05-19T15:11:00,intrabar,278.079834542161,take_profit,False,0.0,0.0,0.0,0.0,67.82016545783898,67.82016545783898,19.606870615160158,,,,,,,
T0014,ta,long,BUY,open,down-360-367,"[""down-360-367""]",371,2023-05-19T15:26:00,372,2023-05-19T15:27:00,263.0,372,2023-05-19T15:27:00,close,263.0,1.0,10.009694443058724,242.98061111388256,303.0387777722349,20.01938888611744,20.01938888611744,40.03877777223488,,,,,,False,0.0,0.0,0.0,0.0,,,,-6.399999999999977,-6.399999999999977,374,2023-05-19T15:29:00,256.6,,
