line_id,direction,basis,created_bar,created_at,candidate_bar,candidate_at,price,line_value,buffer,confirmation_status,confirmation_bar,confirmed_at,confirmation_delay_bars,failure_bar,failed_at,deadline_bar,deadline_at,outcome,outcome_bar,outcome_at,followup_bars_observed,full_window_observed,observed_through_bar,observed_through_at
up-219-238,breakdown,close,242,2020-09-14T00:00:00,272,2020-10-26T00:00:00,420.2799987792969,425.0648498535156,1.3743899536132813,confirmed,273,2020-10-27T00:00:00,1,,,277,2020-11-02T00:00:00,no_failure_within_window,277,2020-11-02T00:00:00,5,True,639,2022-04-11T00:00:00
up-219-276,breakdown,close,280,2020-11-05T00:00:00,287,2020-11-16T00:00:00,408.0899963378906,412.0869373321533,1.3743899536132813,not_confirmed,,,,288,2020-11-17T00:00:00,292,2020-11-23T00:00:00,false_breakdown,288,2020-11-17T00:00:00,5,True,639,2022-04-11T00:00:00
down-233-264,breakout,close,274,2020-10-28T00:00:00,288,2020-11-17T00:00:00,441.6099853515625,432.69360906427556,2.4916000366210938,confirmed,289,2020-11-18T00:00:00,1,,,293,2020-11-24T00:00:00,no_failure_within_window,293,2020-11-24T00:00:00,5,True,639,2022-04-11T00:00:00
up-219-362,breakdown,close,363,2021-03-09T00:00:00,406,2021-05-10T00:00:00,629.0399780273438,649.8501750453237,1.3743899536132813,confirmed,407,2021-05-11T00:00:00,1,,,411,2021-05-17T00:00:00,no_failure_within_window,411,2021-05-17T00:00:00,5,True,639,2022-04-11T00:00:00
up-238-276,breakdown,close,280,2020-11-05T00:00:00,408,2021-05-12T00:00:00,589.8900146484375,603.7904569185697,1.6510499572753907,confirmed,409,2021-05-13T00:00:00,1,,,413,2021-05-19T00:00:00,no_failure_within_window,413,2021-05-19T00:00:00,5,True,639,2022-04-11T00:00:00
up-118-413,breakdown,close,419,2021-05-27T00:00:00,423,2021-06-03T00:00:00,572.8400268554688,580.7158540104815,0.3612200164794922,not_confirmed,,,,424,2021-06-04T00:00:00,428,2021-06-10T00:00:00,false_breakdown,424,2021-06-04T00:00:00,5,True,639,2022-04-11T00:00:00
up-219-413,breakdown,close,419,2021-05-27T00:00:00,423,2021-06-03T00:00:00,572.8400268554688,578.8647567368911,1.3743899536132813,not_confirmed,,,,424,2021-06-04T00:00:00,428,2021-06-10T00:00:00,false_breakdown,424,2021-06-04T00:00:00,5,True,639,2022-04-11T00:00:00
up-238-413,breakdown,close,419,2021-05-27T00:00:00,423,2021-06-03T00:00:00,572.8400268554688,577.289075165398,1.6510499572753907,not_confirmed,,,,424,2021-06-04T00:00:00,428,2021-06-10T00:00:00,false_breakdown,424,2021-06-04T00:00:00,5,True,639,2022-04-11T00:00:00
up-276-413,breakdown,close,419,2021-05-27T00:00:00,423,2021-06-03T00:00:00,572.8400268554688,576.5510677508454,1.9402000427246093,not_confirmed,,,,424,2021-06-04T00:00:00,428,2021-06-10T00:00:00,false_breakdown,424,2021-06-04T00:00:00,5,True,639,2022-04-11T00:00:00
down-334-387,breakout,close,399,2021-04-29T00:00:00,437,2021-06-23T00:00:00,656.5700073242188,650.9606386655337,4.415450134277344,confirmed,438,2021-06-24T00:00:00,1,,,442,2021-06-30T00:00:00,no_failure_within_window,442,2021-06-30T00:00:00,5,True,639,2022-04-11T00:00:00
down-339-387,breakout,close,399,2021-04-29T00:00:00,437,2021-06-23T00:00:00,656.5700073242188,650.2718941824777,4.363949890136719,confirmed,438,2021-06-24T00:00:00,1,,,442,2021-06-30T00:00:00,no_failure_within_window,442,2021-06-30T00:00:00,5,True,639,2022-04-11T00:00:00
down-334-339,breakout,close,350,2021-02-18T00:00:00,438,2021-06-24T00:00:00,679.8200073242188,663.8461303710938,4.415450134277344,confirmed,439,2021-06-25T00:00:00,1,,,443,2021-07-01T00:00:00,no_failure_within_window,443,2021-07-01T00:00:00,5,True,639,2022-04-11T00:00:00
down-334-472,breakout,close,475,2021-08-17T00:00:00,484,2021-08-30T00:00:00,730.9099731445312,707.6281793767755,4.415450134277344,confirmed,485,2021-08-31T00:00:00,1,,,489,2021-09-07T00:00:00,no_failure_within_window,489,2021-09-07T00:00:00,5,True,639,2022-04-11T00:00:00
down-339-472,breakout,close,475,2021-08-17T00:00:00,484,2021-08-30T00:00:00,730.9099731445312,708.0629863639152,4.363949890136719,confirmed,485,2021-08-31T00:00:00,1,,,489,2021-09-07T00:00:00,no_failure_within_window,489,2021-09-07T00:00:00,5,True,639,2022-04-11T00:00:00
down-387-472,breakout,close,475,2021-08-17T00:00:00,484,2021-08-30T00:00:00,730.9099731445312,716.2891724641659,3.8116000366210936,confirmed,485,2021-08-31T00:00:00,1,,,489,2021-09-07T00:00:00,no_failure_within_window,489,2021-09-07T00:00:00,5,True,639,2022-04-11T00:00:00
up-475-562,breakdown,close,565,2021-12-23T00:00:00,584,2022-01-21T00:00:00,943.9000244140625,959.9028774414062,3.328550109863281,confirmed,585,2022-01-24T00:00:00,1,,,589,2022-01-28T00:00:00,no_failure_within_window,589,2022-01-28T00:00:00,5,True,639,2022-04-11T00:00:00
up-118-606,breakdown,close,611,2022-03-02T00:00:00,619,2022-03-14T00:00:00,766.3699951171875,782.6313832888678,0.3612200164794922,not_confirmed,,,,620,2022-03-15T00:00:00,624,2022-03-21T00:00:00,false_breakdown,620,2022-03-15T00:00:00,5,True,639,2022-04-11T00:00:00
up-219-606,breakdown,close,611,2022-03-02T00:00:00,619,2022-03-14T00:00:00,766.3699951171875,780.6069615545971,1.3743899536132813,not_confirmed,,,,620,2022-03-15T00:00:00,624,2022-03-21T00:00:00,false_breakdown,620,2022-03-15T00:00:00,5,True,639,2022-04-11T00:00:00
up-238-606,breakdown,close,611,2022-03-02T00:00:00,619,2022-03-14T00:00:00,766.3699951171875,779.5048368357359,1.6510499572753907,not_confirmed,,,,620,2022-03-15T00:00:00,624,2022-03-21T00:00:00,false_breakdown,620,2022-03-15T00:00:00,5,True,639,2022-04-11T00:00:00
up-276-606,breakdown,close,611,2022-03-02T00:00:00,619,2022-03-14T00:00:00,766.3699951171875,778.8923676742586,1.9402000427246093,not_confirmed,,,,620,2022-03-15T00:00:00,624,2022-03-21T00:00:00,false_breakdown,620,2022-03-15T00:00:00,5,True,639,2022-04-11T00:00:00
up-413-606,breakdown,close,611,2022-03-02T00:00:00,619,2022-03-14T00:00:00,766.3699951171875,777.6507607596261,2.817300109863281,not_confirmed,,,,620,2022-03-15T00:00:00,624,2022-03-21T00:00:00,false_breakdown,620,2022-03-15T00:00:00,5,True,639,2022-04-11T00:00:00
up-475-606,breakdown,close,611,2022-03-02T00:00:00,619,2022-03-14T00:00:00,766.3699951171875,773.8729736328125,3.328550109863281,not_confirmed,,,,620,2022-03-15T00:00:00,624,2022-03-21T00:00:00,false_breakdown,620,2022-03-15T00:00:00,5,True,639,2022-04-11T00:00:00
